LoanNumber,OrigDt,OrigUPB,NoteRate,OrigTerm,Product,BorrowerFICO,BorrowerDTI,BorrowerIncome,BorrowerState,ReportingPeriod,EndingBalance,SchedPrincipal,PrincipalPaid,InterestPaid,FeesPaid,DPD,ChargeOffDt,ChargeOffAmt
L202401-001,2024-01-01,16657.82,0.1499,36,PersonalLoan,740,0.368,93113.0,FL,2024-01-31,16288.53,369.29,369.29,208.08,0.0,0,,0.0
L202401-001,2024-01-01,16657.82,0.1499,36,PersonalLoan,740,0.368,93113.0,FL,2024-02-29,15914.63,373.9,373.9,203.47,0.0,0,,0.0
L202401-001,2024-01-01,16657.82,0.1499,36,PersonalLoan,740,0.368,93113.0,FL,2024-03-31,15536.06,378.57,378.57,198.8,0.0,0,,0.0
L202401-001,2024-01-01,16657.82,0.1499,36,PersonalLoan,740,0.368,93113.0,FL,2024-04-30,15152.76,383.3,383.3,194.07,0.0,0,,0.0
L202401-001,2024-01-01,16657.82,0.1499,36,PersonalLoan,740,0.368,93113.0,FL,2024-05-31,14764.67,388.09,388.09,189.28,0.0,0,,0.0
L202401-001,2024-01-01,16657.82,0.1499,36,PersonalLoan,740,0.368,93113.0,FL,2024-06-30,14371.74,392.93,392.93,184.44,0.0,0,,0.0
L202401-001,2024-01-01,16657.82,0.1499,36,PersonalLoan,740,0.368,93113.0,FL,2024-07-31,13973.9,397.84,397.84,179.53,0.0,0,,0.0
L202401-001,2024-01-01,16657.82,0.1499,36,PersonalLoan,740,0.368,93113.0,FL,2024-08-31,13571.09,402.81,402.81,174.56,0.0,0,,0.0
L202401-001,2024-01-01,16657.82,0.1499,36,PersonalLoan,740,0.368,93113.0,FL,2024-09-30,13163.25,407.84,407.84,169.53,0.0,0,,0.0
L202401-001,2024-01-01,16657.82,0.1499,36,PersonalLoan,740,0.368,93113.0,FL,2024-10-31,12750.31,412.94,412.94,164.43,0.0,0,,0.0
L202401-001,2024-01-01,16657.82,0.1499,36,PersonalLoan,740,0.368,93113.0,FL,2024-11-30,12332.21,418.1,418.1,159.27,0.0,0,,0.0
L202401-001,2024-01-01,16657.82,0.1499,36,PersonalLoan,740,0.368,93113.0,FL,2024-12-31,11908.89,423.32,423.32,154.05,0.0,0,,0.0
L202401-001,2024-01-01,16657.82,0.1499,36,PersonalLoan,740,0.368,93113.0,FL,2025-01-31,11480.28,428.61,428.61,148.76,0.0,0,,0.0
L202401-001,2024-01-01,16657.82,0.1499,36,PersonalLoan,740,0.368,93113.0,FL,2025-02-28,11046.32,433.96,433.96,143.41,0.0,0,,0.0
L202401-001,2024-01-01,16657.82,0.1499,36,PersonalLoan,740,0.368,93113.0,FL,2025-03-31,10606.94,439.38,439.38,137.99,0.0,0,,0.0
L202401-001,2024-01-01,16657.82,0.1499,36,PersonalLoan,740,0.368,93113.0,FL,2025-04-30,10162.07,444.87,444.87,132.5,0.0,0,,0.0
L202401-001,2024-01-01,16657.82,0.1499,36,PersonalLoan,740,0.368,93113.0,FL,2025-05-31,9711.64,450.43,450.43,126.94,0.0,0,,0.0
L202401-001,2024-01-01,16657.82,0.1499,36,PersonalLoan,740,0.368,93113.0,FL,2025-06-30,9255.58,456.06,456.06,121.31,0.0,0,,0.0
L202401-001,2024-01-01,16657.82,0.1499,36,PersonalLoan,740,0.368,93113.0,FL,2025-07-31,8793.83,461.75,461.75,115.62,0.0,0,,0.0
L202401-001,2024-01-01,16657.82,0.1499,36,PersonalLoan,740,0.368,93113.0,FL,2025-08-31,8326.31,467.52,467.52,109.85,0.0,0,,0.0
L202401-001,2024-01-01,16657.82,0.1499,36,PersonalLoan,740,0.368,93113.0,FL,2025-09-30,7852.95,473.36,473.36,104.01,0.0,0,,0.0
L202401-001,2024-01-01,16657.82,0.1499,36,PersonalLoan,740,0.368,93113.0,FL,2025-10-31,7373.68,479.27,479.27,98.1,0.0,0,,0.0
L202401-001,2024-01-01,16657.82,0.1499,36,PersonalLoan,740,0.368,93113.0,FL,2025-11-30,6888.42,485.26,485.26,92.11,0.0,0,,0.0
L202401-001,2024-01-01,16657.82,0.1499,36,PersonalLoan,740,0.368,93113.0,FL,2025-12-31,6397.1,491.32,491.32,86.05,0.0,0,,0.0
L202401-001,2024-01-01,16657.82,0.1499,36,PersonalLoan,740,0.368,93113.0,FL,2026-01-31,5899.64,497.46,497.46,79.91,0.0,0,,0.0
L202401-001,2024-01-01,16657.82,0.1499,36,PersonalLoan,740,0.368,93113.0,FL,2026-02-28,5395.97,503.67,503.67,73.7,0.0,0,,0.0
L202401-001,2024-01-01,16657.82,0.1499,36,PersonalLoan,740,0.368,93113.0,FL,2026-03-31,4886.0,509.97,509.97,67.4,0.0,0,,0.0
L202401-001,2024-01-01,16657.82,0.1499,36,PersonalLoan,740,0.368,93113.0,FL,2026-04-30,4369.66,516.34,516.34,61.03,0.0,0,,0.0
L202401-002,2024-01-01,17945.79,0.1499,36,PersonalLoan,794,0.123,41998.0,TX,2024-01-31,17547.95,397.84,397.84,224.17,0.0,0,,0.0
L202401-002,2024-01-01,17945.79,0.1499,36,PersonalLoan,794,0.123,41998.0,TX,2024-02-29,17145.14,402.81,402.81,219.2,0.0,0,,0.0
L202401-002,2024-01-01,17945.79,0.1499,36,PersonalLoan,794,0.123,41998.0,TX,2024-03-31,16737.3,407.84,407.84,214.17,0.0,0,,0.0
L202401-002,2024-01-01,17945.79,0.1499,36,PersonalLoan,794,0.123,41998.0,TX,2024-04-30,16324.37,412.93,412.93,209.08,0.0,0,,0.0
L202401-002,2024-01-01,17945.79,0.1499,36,PersonalLoan,794,0.123,41998.0,TX,2024-05-31,15906.28,418.09,418.09,203.92,0.0,0,,0.0
L202401-002,2024-01-01,17945.79,0.1499,36,PersonalLoan,794,0.123,41998.0,TX,2024-06-30,15482.97,423.31,423.31,198.7,0.0,0,,0.0
L202401-002,2024-01-01,17945.79,0.1499,36,PersonalLoan,794,0.123,41998.0,TX,2024-07-31,15054.37,428.6,428.6,193.41,0.0,0,,0.0
L202401-002,2024-01-01,17945.79,0.1499,36,PersonalLoan,794,0.123,41998.0,TX,2024-08-31,14620.41,433.96,433.96,188.05,0.0,0,,0.0
L202401-002,2024-01-01,17945.79,0.1499,36,PersonalLoan,794,0.123,41998.0,TX,2024-09-30,14181.03,439.38,439.38,182.63,0.0,0,,0.0
L202401-002,2024-01-01,17945.79,0.1499,36,PersonalLoan,794,0.123,41998.0,TX,2024-10-31,13736.16,444.87,444.87,177.14,0.0,0,,0.0
L202401-002,2024-01-01,17945.79,0.1499,36,PersonalLoan,794,0.123,41998.0,TX,2024-11-30,13285.74,450.42,450.42,171.59,0.0,0,,0.0
L202401-002,2024-01-01,17945.79,0.1499,36,PersonalLoan,794,0.123,41998.0,TX,2024-12-31,12829.69,456.05,456.05,165.96,0.0,0,,0.0
L202401-002,2024-01-01,17945.79,0.1499,36,PersonalLoan,794,0.123,41998.0,TX,2025-01-31,12367.94,461.75,461.75,160.26,0.0,0,,0.0
L202401-002,2024-01-01,17945.79,0.1499,36,PersonalLoan,794,0.123,41998.0,TX,2025-02-28,11900.43,467.51,467.51,154.5,0.0,0,,0.0
L202401-002,2024-01-01,17945.79,0.1499,36,PersonalLoan,794,0.123,41998.0,TX,2025-03-31,11427.08,473.35,473.35,148.66,0.0,0,,0.0
L202401-002,2024-01-01,17945.79,0.1499,36,PersonalLoan,794,0.123,41998.0,TX,2025-04-30,10947.81,479.27,479.27,142.74,0.0,0,,0.0
L202401-002,2024-01-01,17945.79,0.1499,36,PersonalLoan,794,0.123,41998.0,TX,2025-05-31,10462.56,485.25,485.25,136.76,0.0,0,,0.0
L202401-002,2024-01-01,17945.79,0.1499,36,PersonalLoan,794,0.123,41998.0,TX,2025-06-30,9971.24,491.32,491.32,130.69,0.0,0,,0.0
L202401-002,2024-01-01,17945.79,0.1499,36,PersonalLoan,794,0.123,41998.0,TX,2025-07-31,9473.79,497.45,497.45,124.56,0.0,0,,0.0
L202401-002,2024-01-01,17945.79,0.1499,36,PersonalLoan,794,0.123,41998.0,TX,2025-08-31,8970.12,503.67,503.67,118.34,0.0,0,,0.0
L202401-002,2024-01-01,17945.79,0.1499,36,PersonalLoan,794,0.123,41998.0,TX,2025-09-30,8460.16,509.96,509.96,112.05,0.0,0,,0.0
L202401-002,2024-01-01,17945.79,0.1499,36,PersonalLoan,794,0.123,41998.0,TX,2025-10-31,7943.83,516.33,516.33,105.68,0.0,0,,0.0
L202401-002,2024-01-01,17945.79,0.1499,36,PersonalLoan,794,0.123,41998.0,TX,2025-11-30,7421.05,522.78,522.78,99.23,0.0,0,,0.0
L202401-002,2024-01-01,17945.79,0.1499,36,PersonalLoan,794,0.123,41998.0,TX,2025-12-31,6891.74,529.31,529.31,92.7,0.0,0,,0.0
L202401-002,2024-01-01,17945.79,0.1499,36,PersonalLoan,794,0.123,41998.0,TX,2026-01-31,6355.82,535.92,535.92,86.09,0.0,0,,0.0
L202401-002,2024-01-01,17945.79,0.1499,36,PersonalLoan,794,0.123,41998.0,TX,2026-02-28,5813.2,542.62,542.62,79.39,0.0,0,,0.0
L202401-002,2024-01-01,17945.79,0.1499,36,PersonalLoan,794,0.123,41998.0,TX,2026-03-31,5263.81,549.39,549.39,72.62,0.0,0,,0.0
L202401-002,2024-01-01,17945.79,0.1499,36,PersonalLoan,794,0.123,41998.0,TX,2026-04-30,4707.55,556.26,556.26,65.75,0.0,0,,0.0
L202401-003,2024-01-01,8829.63,0.1499,36,PersonalLoan,782,0.305,66014.0,CA,2024-01-31,8633.89,195.74,195.74,110.3,0.0,0,,0.0
L202401-003,2024-01-01,8829.63,0.1499,36,PersonalLoan,782,0.305,66014.0,CA,2024-02-29,8435.7,198.19,198.19,107.85,0.0,0,,0.0
L202401-003,2024-01-01,8829.63,0.1499,36,PersonalLoan,782,0.305,66014.0,CA,2024-03-31,8235.04,200.66,200.66,105.38,0.0,0,,0.0
L202401-003,2024-01-01,8829.63,0.1499,36,PersonalLoan,782,0.305,66014.0,CA,2024-04-30,8031.87,203.17,203.17,102.87,0.0,0,,0.0
L202401-003,2024-01-01,8829.63,0.1499,36,PersonalLoan,782,0.305,66014.0,CA,2024-05-31,7826.16,205.71,205.71,100.33,0.0,0,,0.0
L202401-003,2024-01-01,8829.63,0.1499,36,PersonalLoan,782,0.305,66014.0,CA,2024-06-30,7617.88,208.28,208.28,97.76,0.0,0,,0.0
L202401-003,2024-01-01,8829.63,0.1499,36,PersonalLoan,782,0.305,66014.0,CA,2024-07-31,7407.0,210.88,210.88,95.16,0.0,0,,0.0
L202401-003,2024-01-01,8829.63,0.1499,36,PersonalLoan,782,0.305,66014.0,CA,2024-08-31,7193.49,213.51,213.51,92.53,0.0,0,,0.0
L202401-003,2024-01-01,8829.63,0.1499,36,PersonalLoan,782,0.305,66014.0,CA,2024-09-30,6977.31,216.18,216.18,89.86,0.0,0,,0.0
L202401-003,2024-01-01,8829.63,0.1499,36,PersonalLoan,782,0.305,66014.0,CA,2024-10-31,6758.43,218.88,218.88,87.16,0.0,0,,0.0
L202401-003,2024-01-01,8829.63,0.1499,36,PersonalLoan,782,0.305,66014.0,CA,2024-11-30,6536.81,221.62,221.62,84.42,0.0,0,,0.0
L202401-003,2024-01-01,8829.63,0.1499,36,PersonalLoan,782,0.305,66014.0,CA,2024-12-31,6312.43,224.38,224.38,81.66,0.0,0,,0.0
L202401-003,2024-01-01,8829.63,0.1499,36,PersonalLoan,782,0.305,66014.0,CA,2025-01-31,6085.24,227.19,227.19,78.85,0.0,0,,0.0
L202401-003,2024-01-01,8829.63,0.1499,36,PersonalLoan,782,0.305,66014.0,CA,2025-02-28,5855.21,230.03,230.03,76.01,0.0,0,,0.0
L202401-003,2024-01-01,8829.63,0.1499,36,PersonalLoan,782,0.305,66014.0,CA,2025-03-31,5622.31,232.9,232.9,73.14,0.0,0,,0.0
L202401-003,2024-01-01,8829.63,0.1499,36,PersonalLoan,782,0.305,66014.0,CA,2025-04-30,5386.5,235.81,235.81,70.23,0.0,0,,0.0
L202401-003,2024-01-01,8829.63,0.1499,36,PersonalLoan,782,0.305,66014.0,CA,2025-05-31,5147.75,238.75,238.75,67.29,0.0,0,,0.0
L202401-003,2024-01-01,8829.63,0.1499,36,PersonalLoan,782,0.305,66014.0,CA,2025-06-30,4906.01,241.74,241.74,64.3,0.0,0,,0.0
L202401-003,2024-01-01,8829.63,0.1499,36,PersonalLoan,782,0.305,66014.0,CA,2025-07-31,4661.25,244.76,244.76,61.28,0.0,0,,0.0
L202401-003,2024-01-01,8829.63,0.1499,36,PersonalLoan,782,0.305,66014.0,CA,2025-08-31,4413.44,247.81,247.81,58.23,0.0,0,,0.0
L202401-003,2024-01-01,8829.63,0.1499,36,PersonalLoan,782,0.305,66014.0,CA,2025-09-30,4162.53,250.91,250.91,55.13,0.0,0,,0.0
L202401-003,2024-01-01,8829.63,0.1499,36,PersonalLoan,782,0.305,66014.0,CA,2025-10-31,3908.49,254.04,254.04,52.0,0.0,0,,0.0
L202401-003,2024-01-01,8829.63,0.1499,36,PersonalLoan,782,0.305,66014.0,CA,2025-11-30,3651.27,257.22,257.22,48.82,0.0,0,,0.0
L202401-003,2024-01-01,8829.63,0.1499,36,PersonalLoan,782,0.305,66014.0,CA,2025-12-31,3390.84,260.43,260.43,45.61,0.0,0,,0.0
L202401-003,2024-01-01,8829.63,0.1499,36,PersonalLoan,782,0.305,66014.0,CA,2026-01-31,3127.16,263.68,263.68,42.36,0.0,0,,0.0
L202401-003,2024-01-01,8829.63,0.1499,36,PersonalLoan,782,0.305,66014.0,CA,2026-02-28,2860.18,266.98,266.98,39.06,0.0,0,,0.0
L202401-003,2024-01-01,8829.63,0.1499,36,PersonalLoan,782,0.305,66014.0,CA,2026-03-31,2589.87,270.31,270.31,35.73,0.0,0,,0.0
L202401-003,2024-01-01,8829.63,0.1499,36,PersonalLoan,782,0.305,66014.0,CA,2026-04-30,2316.18,273.69,273.69,32.35,0.0,0,,0.0
L202401-004,2024-01-01,16640.0,0.1499,36,PersonalLoan,668,0.278,110359.0,CA,2024-01-31,16271.11,368.89,368.89,207.86,0.0,0,,0.0
L202401-004,2024-01-01,16640.0,0.1499,36,PersonalLoan,668,0.278,110359.0,CA,2024-02-29,15897.61,373.5,373.5,203.25,0.0,0,,0.0
L202401-004,2024-01-01,16640.0,0.1499,36,PersonalLoan,668,0.278,110359.0,CA,2024-03-31,15519.45,378.16,378.16,198.59,0.0,0,,0.0
L202401-004,2024-01-01,16640.0,0.1499,36,PersonalLoan,668,0.278,110359.0,CA,2024-04-30,15136.56,382.89,382.89,193.86,0.0,0,,0.0
L202401-004,2024-01-01,16640.0,0.1499,36,PersonalLoan,668,0.278,110359.0,CA,2024-05-31,14748.89,387.67,387.67,189.08,0.0,0,,0.0
L202401-004,2024-01-01,16640.0,0.1499,36,PersonalLoan,668,0.278,110359.0,CA,2024-06-30,14356.38,392.51,392.51,184.24,0.0,0,,0.0
L202401-004,2024-01-01,16640.0,0.1499,36,PersonalLoan,668,0.278,110359.0,CA,2024-07-31,13958.97,397.41,397.41,179.34,0.0,0,,0.0
L202401-004,2024-01-01,16640.0,0.1499,36,PersonalLoan,668,0.278,110359.0,CA,2024-08-31,0.0,402.38,13958.97,174.37,0.0,0,,0.0
L202401-005,2024-01-01,24119.03,0.1499,36,PersonalLoan,632,0.232,138905.0,NY,2024-01-31,23584.34,534.69,534.69,301.29,0.0,0,,0.0
L202401-005,2024-01-01,24119.03,0.1499,36,PersonalLoan,632,0.232,138905.0,NY,2024-02-29,23042.97,541.37,541.37,294.61,0.0,0,,0.0
L202401-005,2024-01-01,24119.03,0.1499,36,PersonalLoan,632,0.232,138905.0,NY,2024-03-31,22494.84,548.13,548.13,287.85,0.0,0,,0.0
L202401-005,2024-01-01,24119.03,0.1499,36,PersonalLoan,632,0.232,138905.0,NY,2024-04-30,21939.86,554.98,554.98,281.0,0.0,0,,0.0
L202401-005,2024-01-01,24119.03,0.1499,36,PersonalLoan,632,0.232,138905.0,NY,2024-05-31,21377.95,561.91,561.91,274.07,0.0,0,,0.0
L202401-005,2024-01-01,24119.03,0.1499,36,PersonalLoan,632,0.232,138905.0,NY,2024-06-30,20809.02,568.93,568.93,267.05,0.0,0,,0.0
L202401-005,2024-01-01,24119.03,0.1499,36,PersonalLoan,632,0.232,138905.0,NY,2024-07-31,20232.98,576.04,576.04,259.94,0.0,0,,0.0
L202401-005,2024-01-01,24119.03,0.1499,36,PersonalLoan,632,0.232,138905.0,NY,2024-08-31,19649.74,583.24,583.24,252.74,0.0,0,,0.0
L202401-005,2024-01-01,24119.03,0.1499,36,PersonalLoan,632,0.232,138905.0,NY,2024-09-30,19059.22,590.52,590.52,245.46,0.0,0,,0.0
L202401-005,2024-01-01,24119.03,0.1499,36,PersonalLoan,632,0.232,138905.0,NY,2024-10-31,18461.32,597.9,597.9,238.08,0.0,0,,0.0
L202401-005,2024-01-01,24119.03,0.1499,36,PersonalLoan,632,0.232,138905.0,NY,2024-11-30,17855.95,605.37,605.37,230.61,0.0,0,,0.0
L202401-005,2024-01-01,24119.03,0.1499,36,PersonalLoan,632,0.232,138905.0,NY,2024-12-31,17243.02,612.93,612.93,223.05,0.0,0,,0.0
L202401-005,2024-01-01,24119.03,0.1499,36,PersonalLoan,632,0.232,138905.0,NY,2025-01-31,16622.43,620.59,620.59,215.39,0.0,0,,0.0
L202401-005,2024-01-01,24119.03,0.1499,36,PersonalLoan,632,0.232,138905.0,NY,2025-02-28,15994.09,628.34,628.34,207.64,0.0,0,,0.0
L202401-005,2024-01-01,24119.03,0.1499,36,PersonalLoan,632,0.232,138905.0,NY,2025-03-31,15357.9,636.19,636.19,199.79,0.0,0,,0.0
L202401-005,2024-01-01,24119.03,0.1499,36,PersonalLoan,632,0.232,138905.0,NY,2025-04-30,14713.77,644.13,644.13,191.85,0.0,0,,0.0
L202401-005,2024-01-01,24119.03,0.1499,36,PersonalLoan,632,0.232,138905.0,NY,2025-05-31,14061.59,652.18,652.18,183.8,0.0,0,,0.0
L202401-005,2024-01-01,24119.03,0.1499,36,PersonalLoan,632,0.232,138905.0,NY,2025-06-30,13401.26,660.33,660.33,175.65,0.0,0,,0.0
L202401-005,2024-01-01,24119.03,0.1499,36,PersonalLoan,632,0.232,138905.0,NY,2025-07-31,12732.68,668.58,668.58,167.4,0.0,0,,0.0
L202401-005,2024-01-01,24119.03,0.1499,36,PersonalLoan,632,0.232,138905.0,NY,2025-08-31,12055.75,676.93,676.93,159.05,0.0,0,,0.0
L202401-005,2024-01-01,24119.03,0.1499,36,PersonalLoan,632,0.232,138905.0,NY,2025-09-30,11370.37,685.38,685.38,150.6,0.0,0,,0.0
L202401-005,2024-01-01,24119.03,0.1499,36,PersonalLoan,632,0.232,138905.0,NY,2025-10-31,10676.42,693.95,693.95,142.03,0.0,0,,0.0
L202401-005,2024-01-01,24119.03,0.1499,36,PersonalLoan,632,0.232,138905.0,NY,2025-11-30,9973.81,702.61,702.61,133.37,0.0,0,,0.0
L202401-005,2024-01-01,24119.03,0.1499,36,PersonalLoan,632,0.232,138905.0,NY,2025-12-31,9262.42,711.39,711.39,124.59,0.0,0,,0.0
L202401-005,2024-01-01,24119.03,0.1499,36,PersonalLoan,632,0.232,138905.0,NY,2026-01-31,8542.14,720.28,720.28,115.7,0.0,0,,0.0
L202401-005,2024-01-01,24119.03,0.1499,36,PersonalLoan,632,0.232,138905.0,NY,2026-02-28,0.0,729.27,8542.14,106.71,0.0,0,,0.0
L202401-006,2024-01-01,13472.3,0.1499,36,PersonalLoan,774,0.408,68321.0,TX,2024-01-31,13173.63,298.67,298.67,168.29,0.0,0,,0.0
L202401-006,2024-01-01,13472.3,0.1499,36,PersonalLoan,774,0.408,68321.0,TX,2024-02-29,12871.23,302.4,302.4,164.56,0.0,0,,0.0
L202401-006,2024-01-01,13472.3,0.1499,36,PersonalLoan,774,0.408,68321.0,TX,2024-03-31,12565.05,306.18,306.18,160.78,0.0,0,,0.0
L202401-006,2024-01-01,13472.3,0.1499,36,PersonalLoan,774,0.408,68321.0,TX,2024-04-30,12255.05,310.0,310.0,156.96,0.0,0,,0.0
L202401-006,2024-01-01,13472.3,0.1499,36,PersonalLoan,774,0.408,68321.0,TX,2024-05-31,11941.18,313.87,313.87,153.09,0.0,0,,0.0
L202401-006,2024-01-01,13472.3,0.1499,36,PersonalLoan,774,0.408,68321.0,TX,2024-06-30,11623.39,317.79,317.79,149.17,0.0,0,,0.0
L202401-006,2024-01-01,13472.3,0.1499,36,PersonalLoan,774,0.408,68321.0,TX,2024-07-31,11301.63,321.76,321.76,145.2,0.0,0,,0.0
L202401-006,2024-01-01,13472.3,0.1499,36,PersonalLoan,774,0.408,68321.0,TX,2024-08-31,10975.85,325.78,325.78,141.18,0.0,0,,0.0
L202401-006,2024-01-01,13472.3,0.1499,36,PersonalLoan,774,0.408,68321.0,TX,2024-09-30,10646.0,329.85,329.85,137.11,0.0,0,,0.0
L202401-006,2024-01-01,13472.3,0.1499,36,PersonalLoan,774,0.408,68321.0,TX,2024-10-31,10312.03,333.97,333.97,132.99,0.0,0,,0.0
L202401-006,2024-01-01,13472.3,0.1499,36,PersonalLoan,774,0.408,68321.0,TX,2024-11-30,9973.88,338.15,338.15,128.81,0.0,0,,0.0
L202401-006,2024-01-01,13472.3,0.1499,36,PersonalLoan,774,0.408,68321.0,TX,2024-12-31,9631.51,342.37,342.37,124.59,0.0,0,,0.0
L202401-006,2024-01-01,13472.3,0.1499,36,PersonalLoan,774,0.408,68321.0,TX,2025-01-31,9284.86,346.65,346.65,120.31,0.0,0,,0.0
L202401-006,2024-01-01,13472.3,0.1499,36,PersonalLoan,774,0.408,68321.0,TX,2025-02-28,8933.88,350.98,350.98,115.98,0.0,0,,0.0
L202401-006,2024-01-01,13472.3,0.1499,36,PersonalLoan,774,0.408,68321.0,TX,2025-03-31,8578.52,355.36,355.36,111.6,0.0,0,,0.0
L202401-006,2024-01-01,13472.3,0.1499,36,PersonalLoan,774,0.408,68321.0,TX,2025-04-30,8218.72,359.8,359.8,107.16,0.0,0,,0.0
L202401-006,2024-01-01,13472.3,0.1499,36,PersonalLoan,774,0.408,68321.0,TX,2025-05-31,7854.43,364.29,364.29,102.67,0.0,0,,0.0
L202401-006,2024-01-01,13472.3,0.1499,36,PersonalLoan,774,0.408,68321.0,TX,2025-06-30,7485.58,368.85,368.85,98.11,0.0,0,,0.0
L202401-006,2024-01-01,13472.3,0.1499,36,PersonalLoan,774,0.408,68321.0,TX,2025-07-31,7112.13,373.45,373.45,93.51,0.0,0,,0.0
L202401-006,2024-01-01,13472.3,0.1499,36,PersonalLoan,774,0.408,68321.0,TX,2025-08-31,6734.01,378.12,378.12,88.84,0.0,0,,0.0
L202401-006,2024-01-01,13472.3,0.1499,36,PersonalLoan,774,0.408,68321.0,TX,2025-09-30,6351.17,382.84,382.84,84.12,0.0,0,,0.0
L202401-006,2024-01-01,13472.3,0.1499,36,PersonalLoan,774,0.408,68321.0,TX,2025-10-31,5963.55,387.62,387.62,79.34,0.0,0,,0.0
L202401-006,2024-01-01,13472.3,0.1499,36,PersonalLoan,774,0.408,68321.0,TX,2025-11-30,5571.08,392.47,392.47,74.49,0.0,0,,0.0
L202401-006,2024-01-01,13472.3,0.1499,36,PersonalLoan,774,0.408,68321.0,TX,2025-12-31,5173.71,397.37,397.37,69.59,0.0,0,,0.0
L202401-006,2024-01-01,13472.3,0.1499,36,PersonalLoan,774,0.408,68321.0,TX,2026-01-31,4771.38,402.33,402.33,64.63,0.0,0,,0.0
L202401-006,2024-01-01,13472.3,0.1499,36,PersonalLoan,774,0.408,68321.0,TX,2026-02-28,4364.02,407.36,407.36,59.6,0.0,0,,0.0
L202401-006,2024-01-01,13472.3,0.1499,36,PersonalLoan,774,0.408,68321.0,TX,2026-03-31,3951.57,412.45,412.45,54.51,0.0,0,,0.0
L202401-006,2024-01-01,13472.3,0.1499,36,PersonalLoan,774,0.408,68321.0,TX,2026-04-30,3533.97,417.6,417.6,49.36,0.0,0,,0.0
L202401-007,2024-01-01,21152.31,0.1499,36,PersonalLoan,740,0.447,119679.0,IL,2024-01-31,20683.39,468.92,468.92,264.23,0.0,0,,0.0
L202401-007,2024-01-01,21152.31,0.1499,36,PersonalLoan,740,0.447,119679.0,IL,2024-02-29,20208.61,474.78,474.78,258.37,0.0,0,,0.0
L202401-007,2024-01-01,21152.31,0.1499,36,PersonalLoan,740,0.447,119679.0,IL,2024-03-31,19727.9,480.71,480.71,252.44,0.0,0,,0.0
L202401-007,2024-01-01,21152.31,0.1499,36,PersonalLoan,740,0.447,119679.0,IL,2024-04-30,19241.18,486.72,486.72,246.43,0.0,0,,0.0
L202401-007,2024-01-01,21152.31,0.1499,36,PersonalLoan,740,0.447,119679.0,IL,2024-05-31,18748.38,492.8,492.8,240.35,0.0,0,,0.0
L202401-007,2024-01-01,21152.31,0.1499,36,PersonalLoan,740,0.447,119679.0,IL,2024-06-30,18249.43,498.95,498.95,234.2,0.0,0,,0.0
L202401-007,2024-01-01,21152.31,0.1499,36,PersonalLoan,740,0.447,119679.0,IL,2024-07-31,17744.25,505.18,505.18,227.97,0.0,0,,0.0
L202401-007,2024-01-01,21152.31,0.1499,36,PersonalLoan,740,0.447,119679.0,IL,2024-08-31,17232.76,511.49,511.49,221.66,0.0,0,,0.0
L202401-007,2024-01-01,21152.31,0.1499,36,PersonalLoan,740,0.447,119679.0,IL,2024-09-30,16714.88,517.88,517.88,215.27,0.0,0,,0.0
L202401-007,2024-01-01,21152.31,0.1499,36,PersonalLoan,740,0.447,119679.0,IL,2024-10-31,16190.53,524.35,524.35,208.8,0.0,0,,0.0
L202401-007,2024-01-01,21152.31,0.1499,36,PersonalLoan,740,0.447,119679.0,IL,2024-11-30,15659.63,530.9,530.9,202.25,0.0,0,,0.0
L202401-007,2024-01-01,21152.31,0.1499,36,PersonalLoan,740,0.447,119679.0,IL,2024-12-31,15122.09,537.54,537.54,195.61,0.0,0,,0.0
L202401-007,2024-01-01,21152.31,0.1499,36,PersonalLoan,740,0.447,119679.0,IL,2025-01-31,14577.84,544.25,544.25,188.9,0.0,0,,0.0
L202401-007,2024-01-01,21152.31,0.1499,36,PersonalLoan,740,0.447,119679.0,IL,2025-02-28,14026.79,551.05,551.05,182.1,0.0,0,,0.0
L202401-007,2024-01-01,21152.31,0.1499,36,PersonalLoan,740,0.447,119679.0,IL,2025-03-31,13468.86,557.93,557.93,175.22,0.0,0,,0.0
L202401-007,2024-01-01,21152.31,0.1499,36,PersonalLoan,740,0.447,119679.0,IL,2025-04-30,12903.96,564.9,564.9,168.25,0.0,0,,0.0
L202401-007,2024-01-01,21152.31,0.1499,36,PersonalLoan,740,0.447,119679.0,IL,2025-05-31,12332.0,571.96,571.96,161.19,0.0,0,,0.0
L202401-007,2024-01-01,21152.31,0.1499,36,PersonalLoan,740,0.447,119679.0,IL,2025-06-30,11752.9,579.1,579.1,154.05,0.0,0,,0.0
L202401-007,2024-01-01,21152.31,0.1499,36,PersonalLoan,740,0.447,119679.0,IL,2025-07-31,11166.56,586.34,586.34,146.81,0.0,0,,0.0
L202401-007,2024-01-01,21152.31,0.1499,36,PersonalLoan,740,0.447,119679.0,IL,2025-08-31,10572.9,593.66,593.66,139.49,0.0,0,,0.0
L202401-007,2024-01-01,21152.31,0.1499,36,PersonalLoan,740,0.447,119679.0,IL,2025-09-30,9971.82,601.08,601.08,132.07,0.0,0,,0.0
L202401-007,2024-01-01,21152.31,0.1499,36,PersonalLoan,740,0.447,119679.0,IL,2025-10-31,9363.23,608.59,608.59,124.56,0.0,0,,0.0
L202401-007,2024-01-01,21152.31,0.1499,36,PersonalLoan,740,0.447,119679.0,IL,2025-11-30,8747.04,616.19,616.19,116.96,0.0,0,,0.0
L202401-007,2024-01-01,21152.31,0.1499,36,PersonalLoan,740,0.447,119679.0,IL,2025-12-31,8123.16,623.88,623.88,109.27,0.0,0,,0.0
L202401-007,2024-01-01,21152.31,0.1499,36,PersonalLoan,740,0.447,119679.0,IL,2026-01-31,7491.48,631.68,631.68,101.47,0.0,0,,0.0
L202401-007,2024-01-01,21152.31,0.1499,36,PersonalLoan,740,0.447,119679.0,IL,2026-02-28,6851.91,639.57,639.57,93.58,0.0,0,,0.0
L202401-007,2024-01-01,21152.31,0.1499,36,PersonalLoan,740,0.447,119679.0,IL,2026-03-31,6204.35,647.56,647.56,85.59,0.0,0,,0.0
L202401-007,2024-01-01,21152.31,0.1499,36,PersonalLoan,740,0.447,119679.0,IL,2026-04-30,5548.7,655.65,655.65,77.5,0.0,0,,0.0
L202401-008,2024-01-01,14483.37,0.1499,36,PersonalLoan,629,0.232,65481.0,FL,2024-01-31,14162.29,321.08,321.08,180.92,0.0,0,,0.0
L202401-008,2024-01-01,14483.37,0.1499,36,PersonalLoan,629,0.232,65481.0,FL,2024-02-29,13837.2,325.09,325.09,176.91,0.0,0,,0.0
L202401-008,2024-01-01,14483.37,0.1499,36,PersonalLoan,629,0.232,65481.0,FL,2024-03-31,13508.05,329.15,329.15,172.85,0.0,0,,0.0
L202401-008,2024-01-01,14483.37,0.1499,36,PersonalLoan,629,0.232,65481.0,FL,2024-04-30,13174.79,333.26,333.26,168.74,0.0,0,,0.0
L202401-008,2024-01-01,14483.37,0.1499,36,PersonalLoan,629,0.232,65481.0,FL,2024-05-31,12837.37,337.42,337.42,164.58,0.0,0,,0.0
L202401-008,2024-01-01,14483.37,0.1499,36,PersonalLoan,629,0.232,65481.0,FL,2024-06-30,12837.37,341.64,0.0,0.0,0.0,30,,0.0
L202401-008,2024-01-01,14483.37,0.1499,36,PersonalLoan,629,0.232,65481.0,FL,2024-07-31,12837.37,341.64,0.0,0.0,0.0,60,,0.0
L202401-008,2024-01-01,14483.37,0.1499,36,PersonalLoan,629,0.232,65481.0,FL,2024-08-31,12837.37,341.64,0.0,0.0,0.0,90,,0.0
L202401-008,2024-01-01,14483.37,0.1499,36,PersonalLoan,629,0.232,65481.0,FL,2024-09-30,0.0,341.64,0.0,0.0,0.0,120,2024-09-30,12837.37
L202401-009,2024-01-01,8597.99,0.1499,36,PersonalLoan,743,0.315,90555.0,TX,2024-01-31,8407.38,190.61,190.61,107.4,0.0,0,,0.0
L202401-009,2024-01-01,8597.99,0.1499,36,PersonalLoan,743,0.315,90555.0,TX,2024-02-29,8214.39,192.99,192.99,105.02,0.0,0,,0.0
L202401-009,2024-01-01,8597.99,0.1499,36,PersonalLoan,743,0.315,90555.0,TX,2024-03-31,8018.99,195.4,195.4,102.61,0.0,0,,0.0
L202401-009,2024-01-01,8597.99,0.1499,36,PersonalLoan,743,0.315,90555.0,TX,2024-04-30,7821.15,197.84,197.84,100.17,0.0,0,,0.0
L202401-009,2024-01-01,8597.99,0.1499,36,PersonalLoan,743,0.315,90555.0,TX,2024-05-31,7620.84,200.31,200.31,97.7,0.0,0,,0.0
L202401-009,2024-01-01,8597.99,0.1499,36,PersonalLoan,743,0.315,90555.0,TX,2024-06-30,7418.03,202.81,202.81,95.2,0.0,0,,0.0
L202401-009,2024-01-01,8597.99,0.1499,36,PersonalLoan,743,0.315,90555.0,TX,2024-07-31,7212.68,205.35,205.35,92.66,0.0,0,,0.0
L202401-009,2024-01-01,8597.99,0.1499,36,PersonalLoan,743,0.315,90555.0,TX,2024-08-31,7004.77,207.91,207.91,90.1,0.0,0,,0.0
L202401-009,2024-01-01,8597.99,0.1499,36,PersonalLoan,743,0.315,90555.0,TX,2024-09-30,6794.26,210.51,210.51,87.5,0.0,0,,0.0
L202401-009,2024-01-01,8597.99,0.1499,36,PersonalLoan,743,0.315,90555.0,TX,2024-10-31,6581.12,213.14,213.14,84.87,0.0,0,,0.0
L202401-009,2024-01-01,8597.99,0.1499,36,PersonalLoan,743,0.315,90555.0,TX,2024-11-30,6365.32,215.8,215.8,82.21,0.0,0,,0.0
L202401-009,2024-01-01,8597.99,0.1499,36,PersonalLoan,743,0.315,90555.0,TX,2024-12-31,6146.82,218.5,218.5,79.51,0.0,0,,0.0
L202401-009,2024-01-01,8597.99,0.1499,36,PersonalLoan,743,0.315,90555.0,TX,2025-01-31,5925.59,221.23,221.23,76.78,0.0,0,,0.0
L202401-009,2024-01-01,8597.99,0.1499,36,PersonalLoan,743,0.315,90555.0,TX,2025-02-28,5701.6,223.99,223.99,74.02,0.0,0,,0.0
L202401-009,2024-01-01,8597.99,0.1499,36,PersonalLoan,743,0.315,90555.0,TX,2025-03-31,5474.81,226.79,226.79,71.22,0.0,0,,0.0
L202401-009,2024-01-01,8597.99,0.1499,36,PersonalLoan,743,0.315,90555.0,TX,2025-04-30,5245.19,229.62,229.62,68.39,0.0,0,,0.0
L202401-009,2024-01-01,8597.99,0.1499,36,PersonalLoan,743,0.315,90555.0,TX,2025-05-31,5012.7,232.49,232.49,65.52,0.0,0,,0.0
L202401-009,2024-01-01,8597.99,0.1499,36,PersonalLoan,743,0.315,90555.0,TX,2025-06-30,4777.31,235.39,235.39,62.62,0.0,0,,0.0
L202401-009,2024-01-01,8597.99,0.1499,36,PersonalLoan,743,0.315,90555.0,TX,2025-07-31,4538.98,238.33,238.33,59.68,0.0,0,,0.0
L202401-009,2024-01-01,8597.99,0.1499,36,PersonalLoan,743,0.315,90555.0,TX,2025-08-31,4297.67,241.31,241.31,56.7,0.0,0,,0.0
L202401-009,2024-01-01,8597.99,0.1499,36,PersonalLoan,743,0.315,90555.0,TX,2025-09-30,4053.35,244.32,244.32,53.69,0.0,0,,0.0
L202401-009,2024-01-01,8597.99,0.1499,36,PersonalLoan,743,0.315,90555.0,TX,2025-10-31,3805.97,247.38,247.38,50.63,0.0,0,,0.0
L202401-009,2024-01-01,8597.99,0.1499,36,PersonalLoan,743,0.315,90555.0,TX,2025-11-30,3555.5,250.47,250.47,47.54,0.0,0,,0.0
L202401-009,2024-01-01,8597.99,0.1499,36,PersonalLoan,743,0.315,90555.0,TX,2025-12-31,3301.9,253.6,253.6,44.41,0.0,0,,0.0
L202401-009,2024-01-01,8597.99,0.1499,36,PersonalLoan,743,0.315,90555.0,TX,2026-01-31,3045.14,256.76,256.76,41.25,0.0,0,,0.0
L202401-009,2024-01-01,8597.99,0.1499,36,PersonalLoan,743,0.315,90555.0,TX,2026-02-28,2785.17,259.97,259.97,38.04,0.0,0,,0.0
L202401-009,2024-01-01,8597.99,0.1499,36,PersonalLoan,743,0.315,90555.0,TX,2026-03-31,2521.95,263.22,263.22,34.79,0.0,0,,0.0
L202401-009,2024-01-01,8597.99,0.1499,36,PersonalLoan,743,0.315,90555.0,TX,2026-04-30,2255.44,266.51,266.51,31.5,0.0,0,,0.0
L202401-010,2024-01-01,10596.14,0.1499,36,PersonalLoan,684,0.428,82656.0,GA,2024-01-31,10361.23,234.91,234.91,132.36,0.0,0,,0.0
L202401-010,2024-01-01,10596.14,0.1499,36,PersonalLoan,684,0.428,82656.0,GA,2024-02-29,10123.39,237.84,237.84,129.43,0.0,0,,0.0
L202401-010,2024-01-01,10596.14,0.1499,36,PersonalLoan,684,0.428,82656.0,GA,2024-03-31,9882.58,240.81,240.81,126.46,0.0,0,,0.0
L202401-010,2024-01-01,10596.14,0.1499,36,PersonalLoan,684,0.428,82656.0,GA,2024-04-30,9638.76,243.82,243.82,123.45,0.0,0,,0.0
L202401-010,2024-01-01,10596.14,0.1499,36,PersonalLoan,684,0.428,82656.0,GA,2024-05-31,9391.89,246.87,246.87,120.4,0.0,0,,0.0
L202401-010,2024-01-01,10596.14,0.1499,36,PersonalLoan,684,0.428,82656.0,GA,2024-06-30,9141.94,249.95,249.95,117.32,0.0,0,,0.0
L202401-010,2024-01-01,10596.14,0.1499,36,PersonalLoan,684,0.428,82656.0,GA,2024-07-31,8888.87,253.07,253.07,114.2,0.0,0,,0.0
L202401-010,2024-01-01,10596.14,0.1499,36,PersonalLoan,684,0.428,82656.0,GA,2024-08-31,8632.64,256.23,256.23,111.04,0.0,0,,0.0
L202401-010,2024-01-01,10596.14,0.1499,36,PersonalLoan,684,0.428,82656.0,GA,2024-09-30,8373.21,259.43,259.43,107.84,0.0,0,,0.0
L202401-010,2024-01-01,10596.14,0.1499,36,PersonalLoan,684,0.428,82656.0,GA,2024-10-31,8110.54,262.67,262.67,104.6,0.0,0,,0.0
L202401-010,2024-01-01,10596.14,0.1499,36,PersonalLoan,684,0.428,82656.0,GA,2024-11-30,7844.58,265.96,265.96,101.31,0.0,0,,0.0
L202401-010,2024-01-01,10596.14,0.1499,36,PersonalLoan,684,0.428,82656.0,GA,2024-12-31,7575.3,269.28,269.28,97.99,0.0,0,,0.0
L202401-010,2024-01-01,10596.14,0.1499,36,PersonalLoan,684,0.428,82656.0,GA,2025-01-31,7302.66,272.64,272.64,94.63,0.0,0,,0.0
L202401-010,2024-01-01,10596.14,0.1499,36,PersonalLoan,684,0.428,82656.0,GA,2025-02-28,7026.61,276.05,276.05,91.22,0.0,0,,0.0
L202401-010,2024-01-01,10596.14,0.1499,36,PersonalLoan,684,0.428,82656.0,GA,2025-03-31,6747.11,279.5,279.5,87.77,0.0,0,,0.0
L202401-010,2024-01-01,10596.14,0.1499,36,PersonalLoan,684,0.428,82656.0,GA,2025-04-30,6464.12,282.99,282.99,84.28,0.0,0,,0.0
L202401-010,2024-01-01,10596.14,0.1499,36,PersonalLoan,684,0.428,82656.0,GA,2025-05-31,6177.6,286.52,286.52,80.75,0.0,0,,0.0
L202401-010,2024-01-01,10596.14,0.1499,36,PersonalLoan,684,0.428,82656.0,GA,2025-06-30,5887.5,290.1,290.1,77.17,0.0,0,,0.0
L202401-010,2024-01-01,10596.14,0.1499,36,PersonalLoan,684,0.428,82656.0,GA,2025-07-31,5593.77,293.73,293.73,73.54,0.0,0,,0.0
L202401-010,2024-01-01,10596.14,0.1499,36,PersonalLoan,684,0.428,82656.0,GA,2025-08-31,5296.38,297.39,297.39,69.88,0.0,0,,0.0
L202401-010,2024-01-01,10596.14,0.1499,36,PersonalLoan,684,0.428,82656.0,GA,2025-09-30,4995.27,301.11,301.11,66.16,0.0,0,,0.0
L202401-010,2024-01-01,10596.14,0.1499,36,PersonalLoan,684,0.428,82656.0,GA,2025-10-31,4690.4,304.87,304.87,62.4,0.0,0,,0.0
L202401-010,2024-01-01,10596.14,0.1499,36,PersonalLoan,684,0.428,82656.0,GA,2025-11-30,4381.72,308.68,308.68,58.59,0.0,0,,0.0
L202401-010,2024-01-01,10596.14,0.1499,36,PersonalLoan,684,0.428,82656.0,GA,2025-12-31,4069.18,312.54,312.54,54.73,0.0,0,,0.0
L202401-010,2024-01-01,10596.14,0.1499,36,PersonalLoan,684,0.428,82656.0,GA,2026-01-31,3752.74,316.44,316.44,50.83,0.0,0,,0.0
L202401-010,2024-01-01,10596.14,0.1499,36,PersonalLoan,684,0.428,82656.0,GA,2026-02-28,3432.35,320.39,320.39,46.88,0.0,0,,0.0
L202401-010,2024-01-01,10596.14,0.1499,36,PersonalLoan,684,0.428,82656.0,GA,2026-03-31,3107.96,324.39,324.39,42.88,0.0,0,,0.0
L202401-010,2024-01-01,10596.14,0.1499,36,PersonalLoan,684,0.428,82656.0,GA,2026-04-30,2779.51,328.45,328.45,38.82,0.0,0,,0.0
L202401-011,2024-01-01,22863.73,0.1499,36,PersonalLoan,678,0.414,137054.0,OH,2024-01-31,22356.87,506.86,506.86,285.61,0.0,0,,0.0
L202401-011,2024-01-01,22863.73,0.1499,36,PersonalLoan,678,0.414,137054.0,OH,2024-02-29,21843.67,513.2,513.2,279.27,0.0,0,,0.0
L202401-011,2024-01-01,22863.73,0.1499,36,PersonalLoan,678,0.414,137054.0,OH,2024-03-31,21324.06,519.61,519.61,272.86,0.0,0,,0.0
L202401-011,2024-01-01,22863.73,0.1499,36,PersonalLoan,678,0.414,137054.0,OH,2024-04-30,20797.96,526.1,526.1,266.37,0.0,0,,0.0
L202401-011,2024-01-01,22863.73,0.1499,36,PersonalLoan,678,0.414,137054.0,OH,2024-05-31,20265.29,532.67,532.67,259.8,0.0,0,,0.0
L202401-011,2024-01-01,22863.73,0.1499,36,PersonalLoan,678,0.414,137054.0,OH,2024-06-30,19725.97,539.32,539.32,253.15,0.0,0,,0.0
L202401-011,2024-01-01,22863.73,0.1499,36,PersonalLoan,678,0.414,137054.0,OH,2024-07-31,19179.91,546.06,546.06,246.41,0.0,0,,0.0
L202401-011,2024-01-01,22863.73,0.1499,36,PersonalLoan,678,0.414,137054.0,OH,2024-08-31,18627.03,552.88,552.88,239.59,0.0,0,,0.0
L202401-011,2024-01-01,22863.73,0.1499,36,PersonalLoan,678,0.414,137054.0,OH,2024-09-30,18067.24,559.79,559.79,232.68,0.0,0,,0.0
L202401-011,2024-01-01,22863.73,0.1499,36,PersonalLoan,678,0.414,137054.0,OH,2024-10-31,17500.46,566.78,566.78,225.69,0.0,0,,0.0
L202401-011,2024-01-01,22863.73,0.1499,36,PersonalLoan,678,0.414,137054.0,OH,2024-11-30,16926.6,573.86,573.86,218.61,0.0,0,,0.0
L202401-011,2024-01-01,22863.73,0.1499,36,PersonalLoan,678,0.414,137054.0,OH,2024-12-31,16345.57,581.03,581.03,211.44,0.0,0,,0.0
L202401-011,2024-01-01,22863.73,0.1499,36,PersonalLoan,678,0.414,137054.0,OH,2025-01-31,15757.28,588.29,588.29,204.18,0.0,0,,0.0
L202401-011,2024-01-01,22863.73,0.1499,36,PersonalLoan,678,0.414,137054.0,OH,2025-02-28,15161.64,595.64,595.64,196.83,0.0,0,,0.0
L202401-011,2024-01-01,22863.73,0.1499,36,PersonalLoan,678,0.414,137054.0,OH,2025-03-31,14558.56,603.08,603.08,189.39,0.0,0,,0.0
L202401-011,2024-01-01,22863.73,0.1499,36,PersonalLoan,678,0.414,137054.0,OH,2025-04-30,13947.95,610.61,610.61,181.86,0.0,0,,0.0
L202401-011,2024-01-01,22863.73,0.1499,36,PersonalLoan,678,0.414,137054.0,OH,2025-05-31,13329.71,618.24,618.24,174.23,0.0,0,,0.0
L202401-011,2024-01-01,22863.73,0.1499,36,PersonalLoan,678,0.414,137054.0,OH,2025-06-30,12703.75,625.96,625.96,166.51,0.0,0,,0.0
L202401-011,2024-01-01,22863.73,0.1499,36,PersonalLoan,678,0.414,137054.0,OH,2025-07-31,12069.97,633.78,633.78,158.69,0.0,0,,0.0
L202401-011,2024-01-01,22863.73,0.1499,36,PersonalLoan,678,0.414,137054.0,OH,2025-08-31,11428.27,641.7,641.7,150.77,0.0,0,,0.0
L202401-011,2024-01-01,22863.73,0.1499,36,PersonalLoan,678,0.414,137054.0,OH,2025-09-30,10778.56,649.71,649.71,142.76,0.0,0,,0.0
L202401-011,2024-01-01,22863.73,0.1499,36,PersonalLoan,678,0.414,137054.0,OH,2025-10-31,10120.73,657.83,657.83,134.64,0.0,0,,0.0
L202401-011,2024-01-01,22863.73,0.1499,36,PersonalLoan,678,0.414,137054.0,OH,2025-11-30,9454.68,666.05,666.05,126.42,0.0,0,,0.0
L202401-011,2024-01-01,22863.73,0.1499,36,PersonalLoan,678,0.414,137054.0,OH,2025-12-31,8780.31,674.37,674.37,118.1,0.0,0,,0.0
L202401-011,2024-01-01,22863.73,0.1499,36,PersonalLoan,678,0.414,137054.0,OH,2026-01-31,8097.52,682.79,682.79,109.68,0.0,0,,0.0
L202401-011,2024-01-01,22863.73,0.1499,36,PersonalLoan,678,0.414,137054.0,OH,2026-02-28,7406.2,691.32,691.32,101.15,0.0,0,,0.0
L202401-011,2024-01-01,22863.73,0.1499,36,PersonalLoan,678,0.414,137054.0,OH,2026-03-31,6706.25,699.95,699.95,92.52,0.0,0,,0.0
L202401-011,2024-01-01,22863.73,0.1499,36,PersonalLoan,678,0.414,137054.0,OH,2026-04-30,5997.55,708.7,708.7,83.77,0.0,0,,0.0
L202401-012,2024-01-01,12822.43,0.1499,36,PersonalLoan,775,0.211,82625.0,FL,2024-01-31,12538.17,284.26,284.26,160.17,0.0,0,,0.0
L202401-012,2024-01-01,12822.43,0.1499,36,PersonalLoan,775,0.211,82625.0,FL,2024-02-29,12250.36,287.81,287.81,156.62,0.0,0,,0.0
L202401-012,2024-01-01,12822.43,0.1499,36,PersonalLoan,775,0.211,82625.0,FL,2024-03-31,11958.96,291.4,291.4,153.03,0.0,0,,0.0
L202401-012,2024-01-01,12822.43,0.1499,36,PersonalLoan,775,0.211,82625.0,FL,2024-04-30,11663.92,295.04,295.04,149.39,0.0,0,,0.0
L202401-012,2024-01-01,12822.43,0.1499,36,PersonalLoan,775,0.211,82625.0,FL,2024-05-31,11365.19,298.73,298.73,145.7,0.0,0,,0.0
L202401-012,2024-01-01,12822.43,0.1499,36,PersonalLoan,775,0.211,82625.0,FL,2024-06-30,11062.73,302.46,302.46,141.97,0.0,0,,0.0
L202401-012,2024-01-01,12822.43,0.1499,36,PersonalLoan,775,0.211,82625.0,FL,2024-07-31,10756.49,306.24,306.24,138.19,0.0,0,,0.0
L202401-012,2024-01-01,12822.43,0.1499,36,PersonalLoan,775,0.211,82625.0,FL,2024-08-31,10446.43,310.06,310.06,134.37,0.0,0,,0.0
L202401-012,2024-01-01,12822.43,0.1499,36,PersonalLoan,775,0.211,82625.0,FL,2024-09-30,0.0,313.94,10446.43,130.49,0.0,0,,0.0
L202401-013,2024-01-01,17332.74,0.1499,36,PersonalLoan,736,0.158,57796.0,NY,2024-01-31,16948.49,384.25,384.25,216.51,0.0,0,,0.0
L202401-013,2024-01-01,17332.74,0.1499,36,PersonalLoan,736,0.158,57796.0,NY,2024-02-29,16559.44,389.05,389.05,211.71,0.0,0,,0.0
L202401-013,2024-01-01,17332.74,0.1499,36,PersonalLoan,736,0.158,57796.0,NY,2024-03-31,16165.54,393.9,393.9,206.86,0.0,0,,0.0
L202401-013,2024-01-01,17332.74,0.1499,36,PersonalLoan,736,0.158,57796.0,NY,2024-04-30,15766.71,398.83,398.83,201.93,0.0,0,,0.0
L202401-013,2024-01-01,17332.74,0.1499,36,PersonalLoan,736,0.158,57796.0,NY,2024-05-31,15362.9,403.81,403.81,196.95,0.0,0,,0.0
L202401-013,2024-01-01,17332.74,0.1499,36,PersonalLoan,736,0.158,57796.0,NY,2024-06-30,14954.05,408.85,408.85,191.91,0.0,0,,0.0
L202401-013,2024-01-01,17332.74,0.1499,36,PersonalLoan,736,0.158,57796.0,NY,2024-07-31,14540.09,413.96,413.96,186.8,0.0,0,,0.0
L202401-013,2024-01-01,17332.74,0.1499,36,PersonalLoan,736,0.158,57796.0,NY,2024-08-31,14120.96,419.13,419.13,181.63,0.0,0,,0.0
L202401-013,2024-01-01,17332.74,0.1499,36,PersonalLoan,736,0.158,57796.0,NY,2024-09-30,13696.59,424.37,424.37,176.39,0.0,0,,0.0
L202401-013,2024-01-01,17332.74,0.1499,36,PersonalLoan,736,0.158,57796.0,NY,2024-10-31,13266.92,429.67,429.67,171.09,0.0,0,,0.0
L202401-013,2024-01-01,17332.74,0.1499,36,PersonalLoan,736,0.158,57796.0,NY,2024-11-30,12831.89,435.03,435.03,165.73,0.0,0,,0.0
L202401-013,2024-01-01,17332.74,0.1499,36,PersonalLoan,736,0.158,57796.0,NY,2024-12-31,12391.42,440.47,440.47,160.29,0.0,0,,0.0
L202401-013,2024-01-01,17332.74,0.1499,36,PersonalLoan,736,0.158,57796.0,NY,2025-01-31,11945.45,445.97,445.97,154.79,0.0,0,,0.0
L202401-013,2024-01-01,17332.74,0.1499,36,PersonalLoan,736,0.158,57796.0,NY,2025-02-28,11493.91,451.54,451.54,149.22,0.0,0,,0.0
L202401-013,2024-01-01,17332.74,0.1499,36,PersonalLoan,736,0.158,57796.0,NY,2025-03-31,11036.73,457.18,457.18,143.58,0.0,0,,0.0
L202401-013,2024-01-01,17332.74,0.1499,36,PersonalLoan,736,0.158,57796.0,NY,2025-04-30,10573.84,462.89,462.89,137.87,0.0,0,,0.0
L202401-013,2024-01-01,17332.74,0.1499,36,PersonalLoan,736,0.158,57796.0,NY,2025-05-31,10105.16,468.68,468.68,132.08,0.0,0,,0.0
L202401-013,2024-01-01,17332.74,0.1499,36,PersonalLoan,736,0.158,57796.0,NY,2025-06-30,9630.63,474.53,474.53,126.23,0.0,0,,0.0
L202401-013,2024-01-01,17332.74,0.1499,36,PersonalLoan,736,0.158,57796.0,NY,2025-07-31,9150.17,480.46,480.46,120.3,0.0,0,,0.0
L202401-013,2024-01-01,17332.74,0.1499,36,PersonalLoan,736,0.158,57796.0,NY,2025-08-31,8663.71,486.46,486.46,114.3,0.0,0,,0.0
L202401-013,2024-01-01,17332.74,0.1499,36,PersonalLoan,736,0.158,57796.0,NY,2025-09-30,8171.17,492.54,492.54,108.22,0.0,0,,0.0
L202401-013,2024-01-01,17332.74,0.1499,36,PersonalLoan,736,0.158,57796.0,NY,2025-10-31,7672.48,498.69,498.69,102.07,0.0,0,,0.0
L202401-013,2024-01-01,17332.74,0.1499,36,PersonalLoan,736,0.158,57796.0,NY,2025-11-30,7167.56,504.92,504.92,95.84,0.0,0,,0.0
L202401-013,2024-01-01,17332.74,0.1499,36,PersonalLoan,736,0.158,57796.0,NY,2025-12-31,6656.33,511.23,511.23,89.53,0.0,0,,0.0
L202401-013,2024-01-01,17332.74,0.1499,36,PersonalLoan,736,0.158,57796.0,NY,2026-01-31,6138.72,517.61,517.61,83.15,0.0,0,,0.0
L202401-013,2024-01-01,17332.74,0.1499,36,PersonalLoan,736,0.158,57796.0,NY,2026-02-28,5614.64,524.08,524.08,76.68,0.0,0,,0.0
L202401-013,2024-01-01,17332.74,0.1499,36,PersonalLoan,736,0.158,57796.0,NY,2026-03-31,5084.02,530.62,530.62,70.14,0.0,0,,0.0
L202401-013,2024-01-01,17332.74,0.1499,36,PersonalLoan,736,0.158,57796.0,NY,2026-04-30,4546.77,537.25,537.25,63.51,0.0,0,,0.0
L202401-014,2024-01-01,23170.37,0.1499,36,PersonalLoan,748,0.245,132559.0,TX,2024-01-31,22656.71,513.66,513.66,289.44,0.0,0,,0.0
L202401-014,2024-01-01,23170.37,0.1499,36,PersonalLoan,748,0.245,132559.0,TX,2024-02-29,22136.63,520.08,520.08,283.02,0.0,0,,0.0
L202401-014,2024-01-01,23170.37,0.1499,36,PersonalLoan,748,0.245,132559.0,TX,2024-03-31,21610.05,526.58,526.58,276.52,0.0,0,,0.0
L202401-014,2024-01-01,23170.37,0.1499,36,PersonalLoan,748,0.245,132559.0,TX,2024-04-30,21076.9,533.15,533.15,269.95,0.0,0,,0.0
L202401-014,2024-01-01,23170.37,0.1499,36,PersonalLoan,748,0.245,132559.0,TX,2024-05-31,20537.09,539.81,539.81,263.29,0.0,0,,0.0
L202401-014,2024-01-01,23170.37,0.1499,36,PersonalLoan,748,0.245,132559.0,TX,2024-06-30,19990.53,546.56,546.56,256.54,0.0,0,,0.0
L202401-014,2024-01-01,23170.37,0.1499,36,PersonalLoan,748,0.245,132559.0,TX,2024-07-31,19437.15,553.38,553.38,249.72,0.0,0,,0.0
L202401-014,2024-01-01,23170.37,0.1499,36,PersonalLoan,748,0.245,132559.0,TX,2024-08-31,18876.85,560.3,560.3,242.8,0.0,0,,0.0
L202401-014,2024-01-01,23170.37,0.1499,36,PersonalLoan,748,0.245,132559.0,TX,2024-09-30,18309.55,567.3,567.3,235.8,0.0,0,,0.0
L202401-014,2024-01-01,23170.37,0.1499,36,PersonalLoan,748,0.245,132559.0,TX,2024-10-31,17735.17,574.38,574.38,228.72,0.0,0,,0.0
L202401-014,2024-01-01,23170.37,0.1499,36,PersonalLoan,748,0.245,132559.0,TX,2024-11-30,17153.61,581.56,581.56,221.54,0.0,0,,0.0
L202401-014,2024-01-01,23170.37,0.1499,36,PersonalLoan,748,0.245,132559.0,TX,2024-12-31,16564.79,588.82,588.82,214.28,0.0,0,,0.0
L202401-014,2024-01-01,23170.37,0.1499,36,PersonalLoan,748,0.245,132559.0,TX,2025-01-31,15968.61,596.18,596.18,206.92,0.0,0,,0.0
L202401-014,2024-01-01,23170.37,0.1499,36,PersonalLoan,748,0.245,132559.0,TX,2025-02-28,15364.98,603.63,603.63,199.47,0.0,0,,0.0
L202401-014,2024-01-01,23170.37,0.1499,36,PersonalLoan,748,0.245,132559.0,TX,2025-03-31,14753.81,611.17,611.17,191.93,0.0,0,,0.0
L202401-014,2024-01-01,23170.37,0.1499,36,PersonalLoan,748,0.245,132559.0,TX,2025-04-30,14135.01,618.8,618.8,184.3,0.0,0,,0.0
L202401-014,2024-01-01,23170.37,0.1499,36,PersonalLoan,748,0.245,132559.0,TX,2025-05-31,13508.48,626.53,626.53,176.57,0.0,0,,0.0
L202401-014,2024-01-01,23170.37,0.1499,36,PersonalLoan,748,0.245,132559.0,TX,2025-06-30,12874.12,634.36,634.36,168.74,0.0,0,,0.0
L202401-014,2024-01-01,23170.37,0.1499,36,PersonalLoan,748,0.245,132559.0,TX,2025-07-31,12231.84,642.28,642.28,160.82,0.0,0,,0.0
L202401-014,2024-01-01,23170.37,0.1499,36,PersonalLoan,748,0.245,132559.0,TX,2025-08-31,11581.54,650.3,650.3,152.8,0.0,0,,0.0
L202401-014,2024-01-01,23170.37,0.1499,36,PersonalLoan,748,0.245,132559.0,TX,2025-09-30,10923.11,658.43,658.43,144.67,0.0,0,,0.0
L202401-014,2024-01-01,23170.37,0.1499,36,PersonalLoan,748,0.245,132559.0,TX,2025-10-31,10256.46,666.65,666.65,136.45,0.0,0,,0.0
L202401-014,2024-01-01,23170.37,0.1499,36,PersonalLoan,748,0.245,132559.0,TX,2025-11-30,9581.48,674.98,674.98,128.12,0.0,0,,0.0
L202401-014,2024-01-01,23170.37,0.1499,36,PersonalLoan,748,0.245,132559.0,TX,2025-12-31,8898.07,683.41,683.41,119.69,0.0,0,,0.0
L202401-014,2024-01-01,23170.37,0.1499,36,PersonalLoan,748,0.245,132559.0,TX,2026-01-31,8206.12,691.95,691.95,111.15,0.0,0,,0.0
L202401-014,2024-01-01,23170.37,0.1499,36,PersonalLoan,748,0.245,132559.0,TX,2026-02-28,7505.53,700.59,700.59,102.51,0.0,0,,0.0
L202401-014,2024-01-01,23170.37,0.1499,36,PersonalLoan,748,0.245,132559.0,TX,2026-03-31,6796.19,709.34,709.34,93.76,0.0,0,,0.0
L202401-014,2024-01-01,23170.37,0.1499,36,PersonalLoan,748,0.245,132559.0,TX,2026-04-30,6077.99,718.2,718.2,84.9,0.0,0,,0.0
L202401-015,2024-01-01,23087.2,0.1499,36,PersonalLoan,717,0.173,66144.0,GA,2024-01-31,22575.39,511.81,511.81,288.4,0.0,0,,0.0
L202401-015,2024-01-01,23087.2,0.1499,36,PersonalLoan,717,0.173,66144.0,GA,2024-02-29,22057.18,518.21,518.21,282.0,0.0,0,,0.0
L202401-015,2024-01-01,23087.2,0.1499,36,PersonalLoan,717,0.173,66144.0,GA,2024-03-31,21532.5,524.68,524.68,275.53,0.0,0,,0.0
L202401-015,2024-01-01,23087.2,0.1499,36,PersonalLoan,717,0.173,66144.0,GA,2024-04-30,21001.27,531.23,531.23,268.98,0.0,0,,0.0
L202401-015,2024-01-01,23087.2,0.1499,36,PersonalLoan,717,0.173,66144.0,GA,2024-05-31,20463.4,537.87,537.87,262.34,0.0,0,,0.0
L202401-015,2024-01-01,23087.2,0.1499,36,PersonalLoan,717,0.173,66144.0,GA,2024-06-30,19918.81,544.59,544.59,255.62,0.0,0,,0.0
L202401-015,2024-01-01,23087.2,0.1499,36,PersonalLoan,717,0.173,66144.0,GA,2024-07-31,19367.42,551.39,551.39,248.82,0.0,0,,0.0
L202401-015,2024-01-01,23087.2,0.1499,36,PersonalLoan,717,0.173,66144.0,GA,2024-08-31,18809.14,558.28,558.28,241.93,0.0,0,,0.0
L202401-015,2024-01-01,23087.2,0.1499,36,PersonalLoan,717,0.173,66144.0,GA,2024-09-30,18243.89,565.25,565.25,234.96,0.0,0,,0.0
L202401-015,2024-01-01,23087.2,0.1499,36,PersonalLoan,717,0.173,66144.0,GA,2024-10-31,17671.58,572.31,572.31,227.9,0.0,0,,0.0
L202401-015,2024-01-01,23087.2,0.1499,36,PersonalLoan,717,0.173,66144.0,GA,2024-11-30,17092.12,579.46,579.46,220.75,0.0,0,,0.0
L202401-015,2024-01-01,23087.2,0.1499,36,PersonalLoan,717,0.173,66144.0,GA,2024-12-31,16505.42,586.7,586.7,213.51,0.0,0,,0.0
L202401-015,2024-01-01,23087.2,0.1499,36,PersonalLoan,717,0.173,66144.0,GA,2025-01-31,15911.39,594.03,594.03,206.18,0.0,0,,0.0
L202401-015,2024-01-01,23087.2,0.1499,36,PersonalLoan,717,0.173,66144.0,GA,2025-02-28,15309.94,601.45,601.45,198.76,0.0,0,,0.0
L202401-015,2024-01-01,23087.2,0.1499,36,PersonalLoan,717,0.173,66144.0,GA,2025-03-31,14700.98,608.96,608.96,191.25,0.0,0,,0.0
L202401-015,2024-01-01,23087.2,0.1499,36,PersonalLoan,717,0.173,66144.0,GA,2025-04-30,14084.41,616.57,616.57,183.64,0.0,0,,0.0
L202401-015,2024-01-01,23087.2,0.1499,36,PersonalLoan,717,0.173,66144.0,GA,2025-05-31,13460.14,624.27,624.27,175.94,0.0,0,,0.0
L202401-015,2024-01-01,23087.2,0.1499,36,PersonalLoan,717,0.173,66144.0,GA,2025-06-30,12828.07,632.07,632.07,168.14,0.0,0,,0.0
L202401-015,2024-01-01,23087.2,0.1499,36,PersonalLoan,717,0.173,66144.0,GA,2025-07-31,12188.1,639.97,639.97,160.24,0.0,0,,0.0
L202401-015,2024-01-01,23087.2,0.1499,36,PersonalLoan,717,0.173,66144.0,GA,2025-08-31,11540.14,647.96,647.96,152.25,0.0,0,,0.0
L202401-015,2024-01-01,23087.2,0.1499,36,PersonalLoan,717,0.173,66144.0,GA,2025-09-30,10884.09,656.05,656.05,144.16,0.0,0,,0.0
L202401-015,2024-01-01,23087.2,0.1499,36,PersonalLoan,717,0.173,66144.0,GA,2025-10-31,10219.84,664.25,664.25,135.96,0.0,0,,0.0
L202401-015,2024-01-01,23087.2,0.1499,36,PersonalLoan,717,0.173,66144.0,GA,2025-11-30,9547.29,672.55,672.55,127.66,0.0,0,,0.0
L202401-015,2024-01-01,23087.2,0.1499,36,PersonalLoan,717,0.173,66144.0,GA,2025-12-31,8866.34,680.95,680.95,119.26,0.0,0,,0.0
L202401-015,2024-01-01,23087.2,0.1499,36,PersonalLoan,717,0.173,66144.0,GA,2026-01-31,8176.89,689.45,689.45,110.76,0.0,0,,0.0
L202401-015,2024-01-01,23087.2,0.1499,36,PersonalLoan,717,0.173,66144.0,GA,2026-02-28,7478.82,698.07,698.07,102.14,0.0,0,,0.0
L202401-015,2024-01-01,23087.2,0.1499,36,PersonalLoan,717,0.173,66144.0,GA,2026-03-31,6772.03,706.79,706.79,93.42,0.0,0,,0.0
L202401-015,2024-01-01,23087.2,0.1499,36,PersonalLoan,717,0.173,66144.0,GA,2026-04-30,6056.41,715.62,715.62,84.59,0.0,0,,0.0
L202404-001,2024-04-01,12309.62,0.1499,36,PersonalLoan,743,0.138,97975.0,OH,2024-04-30,12036.73,272.89,272.89,153.77,0.0,0,,0.0
L202404-001,2024-04-01,12309.62,0.1499,36,PersonalLoan,743,0.138,97975.0,OH,2024-05-31,11760.43,276.3,276.3,150.36,0.0,0,,0.0
L202404-001,2024-04-01,12309.62,0.1499,36,PersonalLoan,743,0.138,97975.0,OH,2024-06-30,11480.68,279.75,279.75,146.91,0.0,0,,0.0
L202404-001,2024-04-01,12309.62,0.1499,36,PersonalLoan,743,0.138,97975.0,OH,2024-07-31,11197.43,283.25,283.25,143.41,0.0,0,,0.0
L202404-001,2024-04-01,12309.62,0.1499,36,PersonalLoan,743,0.138,97975.0,OH,2024-08-31,10910.64,286.79,286.79,139.87,0.0,0,,0.0
L202404-001,2024-04-01,12309.62,0.1499,36,PersonalLoan,743,0.138,97975.0,OH,2024-09-30,10620.27,290.37,290.37,136.29,0.0,0,,0.0
L202404-001,2024-04-01,12309.62,0.1499,36,PersonalLoan,743,0.138,97975.0,OH,2024-10-31,10326.27,294.0,294.0,132.66,0.0,0,,0.0
L202404-001,2024-04-01,12309.62,0.1499,36,PersonalLoan,743,0.138,97975.0,OH,2024-11-30,10028.6,297.67,297.67,128.99,0.0,0,,0.0
L202404-001,2024-04-01,12309.62,0.1499,36,PersonalLoan,743,0.138,97975.0,OH,2024-12-31,9727.21,301.39,301.39,125.27,0.0,0,,0.0
L202404-001,2024-04-01,12309.62,0.1499,36,PersonalLoan,743,0.138,97975.0,OH,2025-01-31,9422.06,305.15,305.15,121.51,0.0,0,,0.0
L202404-001,2024-04-01,12309.62,0.1499,36,PersonalLoan,743,0.138,97975.0,OH,2025-02-28,9113.1,308.96,308.96,117.7,0.0,0,,0.0
L202404-001,2024-04-01,12309.62,0.1499,36,PersonalLoan,743,0.138,97975.0,OH,2025-03-31,8800.28,312.82,312.82,113.84,0.0,0,,0.0
L202404-001,2024-04-01,12309.62,0.1499,36,PersonalLoan,743,0.138,97975.0,OH,2025-04-30,8483.55,316.73,316.73,109.93,0.0,0,,0.0
L202404-001,2024-04-01,12309.62,0.1499,36,PersonalLoan,743,0.138,97975.0,OH,2025-05-31,8162.86,320.69,320.69,105.97,0.0,0,,0.0
L202404-001,2024-04-01,12309.62,0.1499,36,PersonalLoan,743,0.138,97975.0,OH,2025-06-30,7838.17,324.69,324.69,101.97,0.0,0,,0.0
L202404-001,2024-04-01,12309.62,0.1499,36,PersonalLoan,743,0.138,97975.0,OH,2025-07-31,7509.42,328.75,328.75,97.91,0.0,0,,0.0
L202404-001,2024-04-01,12309.62,0.1499,36,PersonalLoan,743,0.138,97975.0,OH,2025-08-31,7176.57,332.85,332.85,93.81,0.0,0,,0.0
L202404-001,2024-04-01,12309.62,0.1499,36,PersonalLoan,743,0.138,97975.0,OH,2025-09-30,6839.56,337.01,337.01,89.65,0.0,0,,0.0
L202404-001,2024-04-01,12309.62,0.1499,36,PersonalLoan,743,0.138,97975.0,OH,2025-10-31,6498.34,341.22,341.22,85.44,0.0,0,,0.0
L202404-001,2024-04-01,12309.62,0.1499,36,PersonalLoan,743,0.138,97975.0,OH,2025-11-30,6152.86,345.48,345.48,81.18,0.0,0,,0.0
L202404-001,2024-04-01,12309.62,0.1499,36,PersonalLoan,743,0.138,97975.0,OH,2025-12-31,5803.06,349.8,349.8,76.86,0.0,0,,0.0
L202404-001,2024-04-01,12309.62,0.1499,36,PersonalLoan,743,0.138,97975.0,OH,2026-01-31,5448.89,354.17,354.17,72.49,0.0,0,,0.0
L202404-001,2024-04-01,12309.62,0.1499,36,PersonalLoan,743,0.138,97975.0,OH,2026-02-28,5090.3,358.59,358.59,68.07,0.0,0,,0.0
L202404-001,2024-04-01,12309.62,0.1499,36,PersonalLoan,743,0.138,97975.0,OH,2026-03-31,4727.23,363.07,363.07,63.59,0.0,0,,0.0
L202404-001,2024-04-01,12309.62,0.1499,36,PersonalLoan,743,0.138,97975.0,OH,2026-04-30,4359.62,367.61,367.61,59.05,0.0,0,,0.0
L202404-002,2024-04-01,23462.99,0.1499,36,PersonalLoan,725,0.235,133859.0,NY,2024-04-30,22942.84,520.15,520.15,293.09,0.0,0,,0.0
L202404-002,2024-04-01,23462.99,0.1499,36,PersonalLoan,725,0.235,133859.0,NY,2024-05-31,22416.19,526.65,526.65,286.59,0.0,0,,0.0
L202404-002,2024-04-01,23462.99,0.1499,36,PersonalLoan,725,0.235,133859.0,NY,2024-06-30,21882.97,533.22,533.22,280.02,0.0,0,,0.0
L202404-002,2024-04-01,23462.99,0.1499,36,PersonalLoan,725,0.235,133859.0,NY,2024-07-31,21343.08,539.89,539.89,273.35,0.0,0,,0.0
L202404-002,2024-04-01,23462.99,0.1499,36,PersonalLoan,725,0.235,133859.0,NY,2024-08-31,20796.45,546.63,546.63,266.61,0.0,0,,0.0
L202404-002,2024-04-01,23462.99,0.1499,36,PersonalLoan,725,0.235,133859.0,NY,2024-09-30,20242.99,553.46,553.46,259.78,0.0,0,,0.0
L202404-002,2024-04-01,23462.99,0.1499,36,PersonalLoan,725,0.235,133859.0,NY,2024-10-31,19682.62,560.37,560.37,252.87,0.0,0,,0.0
L202404-002,2024-04-01,23462.99,0.1499,36,PersonalLoan,725,0.235,133859.0,NY,2024-11-30,19115.25,567.37,567.37,245.87,0.0,0,,0.0
L202404-002,2024-04-01,23462.99,0.1499,36,PersonalLoan,725,0.235,133859.0,NY,2024-12-31,18540.79,574.46,574.46,238.78,0.0,0,,0.0
L202404-002,2024-04-01,23462.99,0.1499,36,PersonalLoan,725,0.235,133859.0,NY,2025-01-31,17959.16,581.63,581.63,231.61,0.0,0,,0.0
L202404-002,2024-04-01,23462.99,0.1499,36,PersonalLoan,725,0.235,133859.0,NY,2025-02-28,17370.26,588.9,588.9,224.34,0.0,0,,0.0
L202404-002,2024-04-01,23462.99,0.1499,36,PersonalLoan,725,0.235,133859.0,NY,2025-03-31,16774.0,596.26,596.26,216.98,0.0,0,,0.0
L202404-002,2024-04-01,23462.99,0.1499,36,PersonalLoan,725,0.235,133859.0,NY,2025-04-30,16170.3,603.7,603.7,209.54,0.0,0,,0.0
L202404-002,2024-04-01,23462.99,0.1499,36,PersonalLoan,725,0.235,133859.0,NY,2025-05-31,15559.05,611.25,611.25,201.99,0.0,0,,0.0
L202404-002,2024-04-01,23462.99,0.1499,36,PersonalLoan,725,0.235,133859.0,NY,2025-06-30,14940.17,618.88,618.88,194.36,0.0,0,,0.0
L202404-002,2024-04-01,23462.99,0.1499,36,PersonalLoan,725,0.235,133859.0,NY,2025-07-31,14313.56,626.61,626.61,186.63,0.0,0,,0.0
L202404-002,2024-04-01,23462.99,0.1499,36,PersonalLoan,725,0.235,133859.0,NY,2025-08-31,13679.12,634.44,634.44,178.8,0.0,0,,0.0
L202404-002,2024-04-01,23462.99,0.1499,36,PersonalLoan,725,0.235,133859.0,NY,2025-09-30,13036.76,642.36,642.36,170.88,0.0,0,,0.0
L202404-002,2024-04-01,23462.99,0.1499,36,PersonalLoan,725,0.235,133859.0,NY,2025-10-31,12386.37,650.39,650.39,162.85,0.0,0,,0.0
L202404-002,2024-04-01,23462.99,0.1499,36,PersonalLoan,725,0.235,133859.0,NY,2025-11-30,11727.86,658.51,658.51,154.73,0.0,0,,0.0
L202404-002,2024-04-01,23462.99,0.1499,36,PersonalLoan,725,0.235,133859.0,NY,2025-12-31,11061.12,666.74,666.74,146.5,0.0,0,,0.0
L202404-002,2024-04-01,23462.99,0.1499,36,PersonalLoan,725,0.235,133859.0,NY,2026-01-31,10386.05,675.07,675.07,138.17,0.0,0,,0.0
L202404-002,2024-04-01,23462.99,0.1499,36,PersonalLoan,725,0.235,133859.0,NY,2026-02-28,9702.55,683.5,683.5,129.74,0.0,0,,0.0
L202404-002,2024-04-01,23462.99,0.1499,36,PersonalLoan,725,0.235,133859.0,NY,2026-03-31,9010.51,692.04,692.04,121.2,0.0,0,,0.0
L202404-002,2024-04-01,23462.99,0.1499,36,PersonalLoan,725,0.235,133859.0,NY,2026-04-30,8309.83,700.68,700.68,112.56,0.0,0,,0.0
L202404-003,2024-04-01,19981.86,0.1499,36,PersonalLoan,645,0.341,70159.0,GA,2024-04-30,19538.89,442.97,442.97,249.61,0.0,0,,0.0
L202404-003,2024-04-01,19981.86,0.1499,36,PersonalLoan,645,0.341,70159.0,GA,2024-05-31,19090.38,448.51,448.51,244.07,0.0,0,,0.0
L202404-003,2024-04-01,19981.86,0.1499,36,PersonalLoan,645,0.341,70159.0,GA,2024-06-30,18636.27,454.11,454.11,238.47,0.0,0,,0.0
L202404-003,2024-04-01,19981.86,0.1499,36,PersonalLoan,645,0.341,70159.0,GA,2024-07-31,18176.49,459.78,459.78,232.8,0.0,0,,0.0
L202404-003,2024-04-01,19981.86,0.1499,36,PersonalLoan,645,0.341,70159.0,GA,2024-08-31,17710.96,465.53,465.53,227.05,0.0,0,,0.0
L202404-003,2024-04-01,19981.86,0.1499,36,PersonalLoan,645,0.341,70159.0,GA,2024-09-30,17239.62,471.34,471.34,221.24,0.0,0,,0.0
L202404-003,2024-04-01,19981.86,0.1499,36,PersonalLoan,645,0.341,70159.0,GA,2024-10-31,16762.39,477.23,477.23,215.35,0.0,0,,0.0
L202404-003,2024-04-01,19981.86,0.1499,36,PersonalLoan,645,0.341,70159.0,GA,2024-11-30,16279.2,483.19,483.19,209.39,0.0,0,,0.0
L202404-003,2024-04-01,19981.86,0.1499,36,PersonalLoan,645,0.341,70159.0,GA,2024-12-31,15789.97,489.23,489.23,203.35,0.0,0,,0.0
L202404-003,2024-04-01,19981.86,0.1499,36,PersonalLoan,645,0.341,70159.0,GA,2025-01-31,15789.97,495.34,0.0,0.0,0.0,30,,0.0
L202404-003,2024-04-01,19981.86,0.1499,36,PersonalLoan,645,0.341,70159.0,GA,2025-02-28,15789.97,495.34,0.0,0.0,0.0,60,,0.0
L202404-003,2024-04-01,19981.86,0.1499,36,PersonalLoan,645,0.341,70159.0,GA,2025-03-31,15789.97,495.34,0.0,0.0,0.0,90,,0.0
L202404-003,2024-04-01,19981.86,0.1499,36,PersonalLoan,645,0.341,70159.0,GA,2025-04-30,0.0,495.34,0.0,0.0,0.0,120,2025-04-30,15789.97
L202404-004,2024-04-01,21130.57,0.1499,36,PersonalLoan,716,0.158,137486.0,TX,2024-04-30,20662.14,468.43,468.43,263.96,0.0,0,,0.0
L202404-004,2024-04-01,21130.57,0.1499,36,PersonalLoan,716,0.158,137486.0,TX,2024-05-31,20187.85,474.29,474.29,258.1,0.0,0,,0.0
L202404-004,2024-04-01,21130.57,0.1499,36,PersonalLoan,716,0.158,137486.0,TX,2024-06-30,19707.64,480.21,480.21,252.18,0.0,0,,0.0
L202404-004,2024-04-01,21130.57,0.1499,36,PersonalLoan,716,0.158,137486.0,TX,2024-07-31,19221.43,486.21,486.21,246.18,0.0,0,,0.0
L202404-004,2024-04-01,21130.57,0.1499,36,PersonalLoan,716,0.158,137486.0,TX,2024-08-31,18729.15,492.28,492.28,240.11,0.0,0,,0.0
L202404-004,2024-04-01,21130.57,0.1499,36,PersonalLoan,716,0.158,137486.0,TX,2024-09-30,18230.72,498.43,498.43,233.96,0.0,0,,0.0
L202404-004,2024-04-01,21130.57,0.1499,36,PersonalLoan,716,0.158,137486.0,TX,2024-10-31,17726.06,504.66,504.66,227.73,0.0,0,,0.0
L202404-004,2024-04-01,21130.57,0.1499,36,PersonalLoan,716,0.158,137486.0,TX,2024-11-30,17215.1,510.96,510.96,221.43,0.0,0,,0.0
L202404-004,2024-04-01,21130.57,0.1499,36,PersonalLoan,716,0.158,137486.0,TX,2024-12-31,16697.76,517.34,517.34,215.05,0.0,0,,0.0
L202404-004,2024-04-01,21130.57,0.1499,36,PersonalLoan,716,0.158,137486.0,TX,2025-01-31,16173.95,523.81,523.81,208.58,0.0,0,,0.0
L202404-004,2024-04-01,21130.57,0.1499,36,PersonalLoan,716,0.158,137486.0,TX,2025-02-28,15643.6,530.35,530.35,202.04,0.0,0,,0.0
L202404-004,2024-04-01,21130.57,0.1499,36,PersonalLoan,716,0.158,137486.0,TX,2025-03-31,15106.62,536.98,536.98,195.41,0.0,0,,0.0
L202404-004,2024-04-01,21130.57,0.1499,36,PersonalLoan,716,0.158,137486.0,TX,2025-04-30,14562.94,543.68,543.68,188.71,0.0,0,,0.0
L202404-004,2024-04-01,21130.57,0.1499,36,PersonalLoan,716,0.158,137486.0,TX,2025-05-31,14562.94,550.47,0.0,0.0,0.0,30,,0.0
L202404-004,2024-04-01,21130.57,0.1499,36,PersonalLoan,716,0.158,137486.0,TX,2025-06-30,14562.94,550.47,0.0,0.0,0.0,60,,0.0
L202404-004,2024-04-01,21130.57,0.1499,36,PersonalLoan,716,0.158,137486.0,TX,2025-07-31,14562.94,550.47,0.0,0.0,0.0,90,,0.0
L202404-004,2024-04-01,21130.57,0.1499,36,PersonalLoan,716,0.158,137486.0,TX,2025-08-31,0.0,550.47,0.0,0.0,0.0,120,2025-08-31,14562.94
L202404-005,2024-04-01,17717.43,0.1499,36,PersonalLoan,648,0.365,129027.0,OH,2024-04-30,17324.66,392.77,392.77,221.32,0.0,0,,0.0
L202404-005,2024-04-01,17717.43,0.1499,36,PersonalLoan,648,0.365,129027.0,OH,2024-05-31,16926.98,397.68,397.68,216.41,0.0,0,,0.0
L202404-005,2024-04-01,17717.43,0.1499,36,PersonalLoan,648,0.365,129027.0,OH,2024-06-30,16524.34,402.64,402.64,211.45,0.0,0,,0.0
L202404-005,2024-04-01,17717.43,0.1499,36,PersonalLoan,648,0.365,129027.0,OH,2024-07-31,16116.67,407.67,407.67,206.42,0.0,0,,0.0
L202404-005,2024-04-01,17717.43,0.1499,36,PersonalLoan,648,0.365,129027.0,OH,2024-08-31,15703.9,412.77,412.77,201.32,0.0,0,,0.0
L202404-005,2024-04-01,17717.43,0.1499,36,PersonalLoan,648,0.365,129027.0,OH,2024-09-30,15285.98,417.92,417.92,196.17,0.0,0,,0.0
L202404-005,2024-04-01,17717.43,0.1499,36,PersonalLoan,648,0.365,129027.0,OH,2024-10-31,14862.84,423.14,423.14,190.95,0.0,0,,0.0
L202404-005,2024-04-01,17717.43,0.1499,36,PersonalLoan,648,0.365,129027.0,OH,2024-11-30,14434.41,428.43,428.43,185.66,0.0,0,,0.0
L202404-005,2024-04-01,17717.43,0.1499,36,PersonalLoan,648,0.365,129027.0,OH,2024-12-31,14000.63,433.78,433.78,180.31,0.0,0,,0.0
L202404-005,2024-04-01,17717.43,0.1499,36,PersonalLoan,648,0.365,129027.0,OH,2025-01-31,13561.43,439.2,439.2,174.89,0.0,0,,0.0
L202404-005,2024-04-01,17717.43,0.1499,36,PersonalLoan,648,0.365,129027.0,OH,2025-02-28,13116.74,444.69,444.69,169.4,0.0,0,,0.0
L202404-005,2024-04-01,17717.43,0.1499,36,PersonalLoan,648,0.365,129027.0,OH,2025-03-31,12666.5,450.24,450.24,163.85,0.0,0,,0.0
L202404-005,2024-04-01,17717.43,0.1499,36,PersonalLoan,648,0.365,129027.0,OH,2025-04-30,12210.64,455.86,455.86,158.23,0.0,0,,0.0
L202404-005,2024-04-01,17717.43,0.1499,36,PersonalLoan,648,0.365,129027.0,OH,2025-05-31,11749.08,461.56,461.56,152.53,0.0,0,,0.0
L202404-005,2024-04-01,17717.43,0.1499,36,PersonalLoan,648,0.365,129027.0,OH,2025-06-30,11281.76,467.32,467.32,146.77,0.0,0,,0.0
L202404-005,2024-04-01,17717.43,0.1499,36,PersonalLoan,648,0.365,129027.0,OH,2025-07-31,10808.6,473.16,473.16,140.93,0.0,0,,0.0
L202404-005,2024-04-01,17717.43,0.1499,36,PersonalLoan,648,0.365,129027.0,OH,2025-08-31,10329.53,479.07,479.07,135.02,0.0,0,,0.0
L202404-005,2024-04-01,17717.43,0.1499,36,PersonalLoan,648,0.365,129027.0,OH,2025-09-30,9844.47,485.06,485.06,129.03,0.0,0,,0.0
L202404-005,2024-04-01,17717.43,0.1499,36,PersonalLoan,648,0.365,129027.0,OH,2025-10-31,9353.35,491.12,491.12,122.97,0.0,0,,0.0
L202404-005,2024-04-01,17717.43,0.1499,36,PersonalLoan,648,0.365,129027.0,OH,2025-11-30,8856.1,497.25,497.25,116.84,0.0,0,,0.0
L202404-005,2024-04-01,17717.43,0.1499,36,PersonalLoan,648,0.365,129027.0,OH,2025-12-31,8352.64,503.46,503.46,110.63,0.0,0,,0.0
L202404-005,2024-04-01,17717.43,0.1499,36,PersonalLoan,648,0.365,129027.0,OH,2026-01-31,7842.89,509.75,509.75,104.34,0.0,0,,0.0
L202404-005,2024-04-01,17717.43,0.1499,36,PersonalLoan,648,0.365,129027.0,OH,2026-02-28,7326.77,516.12,516.12,97.97,0.0,0,,0.0
L202404-005,2024-04-01,17717.43,0.1499,36,PersonalLoan,648,0.365,129027.0,OH,2026-03-31,6804.2,522.57,522.57,91.52,0.0,0,,0.0
L202404-005,2024-04-01,17717.43,0.1499,36,PersonalLoan,648,0.365,129027.0,OH,2026-04-30,6275.11,529.09,529.09,85.0,0.0,0,,0.0
L202404-006,2024-04-01,19317.35,0.1499,36,PersonalLoan,653,0.34,98483.0,PA,2024-04-30,18889.11,428.24,428.24,241.31,0.0,0,,0.0
L202404-006,2024-04-01,19317.35,0.1499,36,PersonalLoan,653,0.34,98483.0,PA,2024-05-31,18455.52,433.59,433.59,235.96,0.0,0,,0.0
L202404-006,2024-04-01,19317.35,0.1499,36,PersonalLoan,653,0.34,98483.0,PA,2024-06-30,18016.51,439.01,439.01,230.54,0.0,0,,0.0
L202404-006,2024-04-01,19317.35,0.1499,36,PersonalLoan,653,0.34,98483.0,PA,2024-07-31,17572.02,444.49,444.49,225.06,0.0,0,,0.0
L202404-006,2024-04-01,19317.35,0.1499,36,PersonalLoan,653,0.34,98483.0,PA,2024-08-31,17121.97,450.05,450.05,219.5,0.0,0,,0.0
L202404-006,2024-04-01,19317.35,0.1499,36,PersonalLoan,653,0.34,98483.0,PA,2024-09-30,16666.3,455.67,455.67,213.88,0.0,0,,0.0
L202404-006,2024-04-01,19317.35,0.1499,36,PersonalLoan,653,0.34,98483.0,PA,2024-10-31,16204.94,461.36,461.36,208.19,0.0,0,,0.0
L202404-006,2024-04-01,19317.35,0.1499,36,PersonalLoan,653,0.34,98483.0,PA,2024-11-30,15737.82,467.12,467.12,202.43,0.0,0,,0.0
L202404-006,2024-04-01,19317.35,0.1499,36,PersonalLoan,653,0.34,98483.0,PA,2024-12-31,15264.86,472.96,472.96,196.59,0.0,0,,0.0
L202404-006,2024-04-01,19317.35,0.1499,36,PersonalLoan,653,0.34,98483.0,PA,2025-01-31,14785.99,478.87,478.87,190.68,0.0,0,,0.0
L202404-006,2024-04-01,19317.35,0.1499,36,PersonalLoan,653,0.34,98483.0,PA,2025-02-28,14301.14,484.85,484.85,184.7,0.0,0,,0.0
L202404-006,2024-04-01,19317.35,0.1499,36,PersonalLoan,653,0.34,98483.0,PA,2025-03-31,13810.24,490.9,490.9,178.65,0.0,0,,0.0
L202404-006,2024-04-01,19317.35,0.1499,36,PersonalLoan,653,0.34,98483.0,PA,2025-04-30,13313.2,497.04,497.04,172.51,0.0,0,,0.0
L202404-006,2024-04-01,19317.35,0.1499,36,PersonalLoan,653,0.34,98483.0,PA,2025-05-31,12809.95,503.25,503.25,166.3,0.0,0,,0.0
L202404-006,2024-04-01,19317.35,0.1499,36,PersonalLoan,653,0.34,98483.0,PA,2025-06-30,12300.42,509.53,509.53,160.02,0.0,0,,0.0
L202404-006,2024-04-01,19317.35,0.1499,36,PersonalLoan,653,0.34,98483.0,PA,2025-07-31,11784.52,515.9,515.9,153.65,0.0,0,,0.0
L202404-006,2024-04-01,19317.35,0.1499,36,PersonalLoan,653,0.34,98483.0,PA,2025-08-31,11262.18,522.34,522.34,147.21,0.0,0,,0.0
L202404-006,2024-04-01,19317.35,0.1499,36,PersonalLoan,653,0.34,98483.0,PA,2025-09-30,10733.31,528.87,528.87,140.68,0.0,0,,0.0
L202404-006,2024-04-01,19317.35,0.1499,36,PersonalLoan,653,0.34,98483.0,PA,2025-10-31,10197.84,535.47,535.47,134.08,0.0,0,,0.0
L202404-006,2024-04-01,19317.35,0.1499,36,PersonalLoan,653,0.34,98483.0,PA,2025-11-30,9655.68,542.16,542.16,127.39,0.0,0,,0.0
L202404-006,2024-04-01,19317.35,0.1499,36,PersonalLoan,653,0.34,98483.0,PA,2025-12-31,9106.75,548.93,548.93,120.62,0.0,0,,0.0
L202404-006,2024-04-01,19317.35,0.1499,36,PersonalLoan,653,0.34,98483.0,PA,2026-01-31,8550.96,555.79,555.79,113.76,0.0,0,,0.0
L202404-006,2024-04-01,19317.35,0.1499,36,PersonalLoan,653,0.34,98483.0,PA,2026-02-28,7988.23,562.73,562.73,106.82,0.0,0,,0.0
L202404-006,2024-04-01,19317.35,0.1499,36,PersonalLoan,653,0.34,98483.0,PA,2026-03-31,7418.47,569.76,569.76,99.79,0.0,0,,0.0
L202404-006,2024-04-01,19317.35,0.1499,36,PersonalLoan,653,0.34,98483.0,PA,2026-04-30,6841.59,576.88,576.88,92.67,0.0,0,,0.0
L202404-007,2024-04-01,19514.33,0.1499,36,PersonalLoan,798,0.211,77786.0,GA,2024-04-30,19081.72,432.61,432.61,243.77,0.0,0,,0.0
L202404-007,2024-04-01,19514.33,0.1499,36,PersonalLoan,798,0.211,77786.0,GA,2024-05-31,18643.7,438.02,438.02,238.36,0.0,0,,0.0
L202404-007,2024-04-01,19514.33,0.1499,36,PersonalLoan,798,0.211,77786.0,GA,2024-06-30,18200.21,443.49,443.49,232.89,0.0,0,,0.0
L202404-007,2024-04-01,19514.33,0.1499,36,PersonalLoan,798,0.211,77786.0,GA,2024-07-31,17751.18,449.03,449.03,227.35,0.0,0,,0.0
L202404-007,2024-04-01,19514.33,0.1499,36,PersonalLoan,798,0.211,77786.0,GA,2024-08-31,17296.54,454.64,454.64,221.74,0.0,0,,0.0
L202404-007,2024-04-01,19514.33,0.1499,36,PersonalLoan,798,0.211,77786.0,GA,2024-09-30,16836.22,460.32,460.32,216.06,0.0,0,,0.0
L202404-007,2024-04-01,19514.33,0.1499,36,PersonalLoan,798,0.211,77786.0,GA,2024-10-31,16370.15,466.07,466.07,210.31,0.0,0,,0.0
L202404-007,2024-04-01,19514.33,0.1499,36,PersonalLoan,798,0.211,77786.0,GA,2024-11-30,15898.26,471.89,471.89,204.49,0.0,0,,0.0
L202404-007,2024-04-01,19514.33,0.1499,36,PersonalLoan,798,0.211,77786.0,GA,2024-12-31,15420.48,477.78,477.78,198.6,0.0,0,,0.0
L202404-007,2024-04-01,19514.33,0.1499,36,PersonalLoan,798,0.211,77786.0,GA,2025-01-31,14936.73,483.75,483.75,192.63,0.0,0,,0.0
L202404-007,2024-04-01,19514.33,0.1499,36,PersonalLoan,798,0.211,77786.0,GA,2025-02-28,14446.93,489.8,489.8,186.58,0.0,0,,0.0
L202404-007,2024-04-01,19514.33,0.1499,36,PersonalLoan,798,0.211,77786.0,GA,2025-03-31,13951.02,495.91,495.91,180.47,0.0,0,,0.0
L202404-007,2024-04-01,19514.33,0.1499,36,PersonalLoan,798,0.211,77786.0,GA,2025-04-30,13448.91,502.11,502.11,174.27,0.0,0,,0.0
L202404-007,2024-04-01,19514.33,0.1499,36,PersonalLoan,798,0.211,77786.0,GA,2025-05-31,12940.53,508.38,508.38,168.0,0.0,0,,0.0
L202404-007,2024-04-01,19514.33,0.1499,36,PersonalLoan,798,0.211,77786.0,GA,2025-06-30,12425.8,514.73,514.73,161.65,0.0,0,,0.0
L202404-007,2024-04-01,19514.33,0.1499,36,PersonalLoan,798,0.211,77786.0,GA,2025-07-31,11904.64,521.16,521.16,155.22,0.0,0,,0.0
L202404-007,2024-04-01,19514.33,0.1499,36,PersonalLoan,798,0.211,77786.0,GA,2025-08-31,11376.97,527.67,527.67,148.71,0.0,0,,0.0
L202404-007,2024-04-01,19514.33,0.1499,36,PersonalLoan,798,0.211,77786.0,GA,2025-09-30,10842.71,534.26,534.26,142.12,0.0,0,,0.0
L202404-007,2024-04-01,19514.33,0.1499,36,PersonalLoan,798,0.211,77786.0,GA,2025-10-31,10301.77,540.94,540.94,135.44,0.0,0,,0.0
L202404-007,2024-04-01,19514.33,0.1499,36,PersonalLoan,798,0.211,77786.0,GA,2025-11-30,9754.08,547.69,547.69,128.69,0.0,0,,0.0
L202404-007,2024-04-01,19514.33,0.1499,36,PersonalLoan,798,0.211,77786.0,GA,2025-12-31,9199.54,554.54,554.54,121.84,0.0,0,,0.0
L202404-007,2024-04-01,19514.33,0.1499,36,PersonalLoan,798,0.211,77786.0,GA,2026-01-31,8638.08,561.46,561.46,114.92,0.0,0,,0.0
L202404-007,2024-04-01,19514.33,0.1499,36,PersonalLoan,798,0.211,77786.0,GA,2026-02-28,8069.6,568.48,568.48,107.9,0.0,0,,0.0
L202404-007,2024-04-01,19514.33,0.1499,36,PersonalLoan,798,0.211,77786.0,GA,2026-03-31,7494.02,575.58,575.58,100.8,0.0,0,,0.0
L202404-007,2024-04-01,19514.33,0.1499,36,PersonalLoan,798,0.211,77786.0,GA,2026-04-30,6911.25,582.77,582.77,93.61,0.0,0,,0.0
L202404-008,2024-04-01,18275.86,0.1499,36,PersonalLoan,627,0.346,53893.0,TX,2024-04-30,17870.71,405.15,405.15,228.3,0.0,0,,0.0
L202404-008,2024-04-01,18275.86,0.1499,36,PersonalLoan,627,0.346,53893.0,TX,2024-05-31,17460.49,410.22,410.22,223.23,0.0,0,,0.0
L202404-008,2024-04-01,18275.86,0.1499,36,PersonalLoan,627,0.346,53893.0,TX,2024-06-30,17045.15,415.34,415.34,218.11,0.0,0,,0.0
L202404-008,2024-04-01,18275.86,0.1499,36,PersonalLoan,627,0.346,53893.0,TX,2024-07-31,16624.62,420.53,420.53,212.92,0.0,0,,0.0
L202404-008,2024-04-01,18275.86,0.1499,36,PersonalLoan,627,0.346,53893.0,TX,2024-08-31,16198.84,425.78,425.78,207.67,0.0,0,,0.0
L202404-008,2024-04-01,18275.86,0.1499,36,PersonalLoan,627,0.346,53893.0,TX,2024-09-30,15767.74,431.1,431.1,202.35,0.0,0,,0.0
L202404-008,2024-04-01,18275.86,0.1499,36,PersonalLoan,627,0.346,53893.0,TX,2024-10-31,15331.26,436.48,436.48,196.97,0.0,0,,0.0
L202404-008,2024-04-01,18275.86,0.1499,36,PersonalLoan,627,0.346,53893.0,TX,2024-11-30,14889.32,441.94,441.94,191.51,0.0,0,,0.0
L202404-008,2024-04-01,18275.86,0.1499,36,PersonalLoan,627,0.346,53893.0,TX,2024-12-31,14441.86,447.46,447.46,185.99,0.0,0,,0.0
L202404-008,2024-04-01,18275.86,0.1499,36,PersonalLoan,627,0.346,53893.0,TX,2025-01-31,13988.81,453.05,453.05,180.4,0.0,0,,0.0
L202404-008,2024-04-01,18275.86,0.1499,36,PersonalLoan,627,0.346,53893.0,TX,2025-02-28,13530.1,458.71,458.71,174.74,0.0,0,,0.0
L202404-008,2024-04-01,18275.86,0.1499,36,PersonalLoan,627,0.346,53893.0,TX,2025-03-31,13065.66,464.44,464.44,169.01,0.0,0,,0.0
L202404-008,2024-04-01,18275.86,0.1499,36,PersonalLoan,627,0.346,53893.0,TX,2025-04-30,12595.42,470.24,470.24,163.21,0.0,0,,0.0
L202404-008,2024-04-01,18275.86,0.1499,36,PersonalLoan,627,0.346,53893.0,TX,2025-05-31,12119.31,476.11,476.11,157.34,0.0,0,,0.0
L202404-008,2024-04-01,18275.86,0.1499,36,PersonalLoan,627,0.346,53893.0,TX,2025-06-30,11637.25,482.06,482.06,151.39,0.0,0,,0.0
L202404-008,2024-04-01,18275.86,0.1499,36,PersonalLoan,627,0.346,53893.0,TX,2025-07-31,11149.17,488.08,488.08,145.37,0.0,0,,0.0
L202404-008,2024-04-01,18275.86,0.1499,36,PersonalLoan,627,0.346,53893.0,TX,2025-08-31,10654.99,494.18,494.18,139.27,0.0,0,,0.0
L202404-008,2024-04-01,18275.86,0.1499,36,PersonalLoan,627,0.346,53893.0,TX,2025-09-30,10154.64,500.35,500.35,133.1,0.0,0,,0.0
L202404-008,2024-04-01,18275.86,0.1499,36,PersonalLoan,627,0.346,53893.0,TX,2025-10-31,9648.04,506.6,506.6,126.85,0.0,0,,0.0
L202404-008,2024-04-01,18275.86,0.1499,36,PersonalLoan,627,0.346,53893.0,TX,2025-11-30,9135.11,512.93,512.93,120.52,0.0,0,,0.0
L202404-008,2024-04-01,18275.86,0.1499,36,PersonalLoan,627,0.346,53893.0,TX,2025-12-31,8615.77,519.34,519.34,114.11,0.0,0,,0.0
L202404-008,2024-04-01,18275.86,0.1499,36,PersonalLoan,627,0.346,53893.0,TX,2026-01-31,8089.95,525.82,525.82,107.63,0.0,0,,0.0
L202404-008,2024-04-01,18275.86,0.1499,36,PersonalLoan,627,0.346,53893.0,TX,2026-02-28,7557.56,532.39,532.39,101.06,0.0,0,,0.0
L202404-008,2024-04-01,18275.86,0.1499,36,PersonalLoan,627,0.346,53893.0,TX,2026-03-31,7018.52,539.04,539.04,94.41,0.0,0,,0.0
L202404-008,2024-04-01,18275.86,0.1499,36,PersonalLoan,627,0.346,53893.0,TX,2026-04-30,6472.74,545.78,545.78,87.67,0.0,0,,0.0
L202404-009,2024-04-01,12711.56,0.1499,36,PersonalLoan,705,0.418,100576.0,GA,2024-04-30,12429.76,281.8,281.8,158.79,0.0,0,,0.0
L202404-009,2024-04-01,12711.56,0.1499,36,PersonalLoan,705,0.418,100576.0,GA,2024-05-31,12144.44,285.32,285.32,155.27,0.0,0,,0.0
L202404-009,2024-04-01,12711.56,0.1499,36,PersonalLoan,705,0.418,100576.0,GA,2024-06-30,11855.55,288.89,288.89,151.7,0.0,0,,0.0
L202404-009,2024-04-01,12711.56,0.1499,36,PersonalLoan,705,0.418,100576.0,GA,2024-07-31,11563.06,292.49,292.49,148.1,0.0,0,,0.0
L202404-009,2024-04-01,12711.56,0.1499,36,PersonalLoan,705,0.418,100576.0,GA,2024-08-31,11266.91,296.15,296.15,144.44,0.0,0,,0.0
L202404-009,2024-04-01,12711.56,0.1499,36,PersonalLoan,705,0.418,100576.0,GA,2024-09-30,10967.06,299.85,299.85,140.74,0.0,0,,0.0
L202404-009,2024-04-01,12711.56,0.1499,36,PersonalLoan,705,0.418,100576.0,GA,2024-10-31,10663.47,303.59,303.59,137.0,0.0,0,,0.0
L202404-009,2024-04-01,12711.56,0.1499,36,PersonalLoan,705,0.418,100576.0,GA,2024-11-30,10356.08,307.39,307.39,133.2,0.0,0,,0.0
L202404-009,2024-04-01,12711.56,0.1499,36,PersonalLoan,705,0.418,100576.0,GA,2024-12-31,10044.85,311.23,311.23,129.36,0.0,0,,0.0
L202404-009,2024-04-01,12711.56,0.1499,36,PersonalLoan,705,0.418,100576.0,GA,2025-01-31,9729.74,315.11,315.11,125.48,0.0,0,,0.0
L202404-009,2024-04-01,12711.56,0.1499,36,PersonalLoan,705,0.418,100576.0,GA,2025-02-28,9410.69,319.05,319.05,121.54,0.0,0,,0.0
L202404-009,2024-04-01,12711.56,0.1499,36,PersonalLoan,705,0.418,100576.0,GA,2025-03-31,9087.66,323.03,323.03,117.56,0.0,0,,0.0
L202404-009,2024-04-01,12711.56,0.1499,36,PersonalLoan,705,0.418,100576.0,GA,2025-04-30,8760.59,327.07,327.07,113.52,0.0,0,,0.0
L202404-009,2024-04-01,12711.56,0.1499,36,PersonalLoan,705,0.418,100576.0,GA,2025-05-31,8429.43,331.16,331.16,109.43,0.0,0,,0.0
L202404-009,2024-04-01,12711.56,0.1499,36,PersonalLoan,705,0.418,100576.0,GA,2025-06-30,8094.14,335.29,335.29,105.3,0.0,0,,0.0
L202404-009,2024-04-01,12711.56,0.1499,36,PersonalLoan,705,0.418,100576.0,GA,2025-07-31,7754.66,339.48,339.48,101.11,0.0,0,,0.0
L202404-009,2024-04-01,12711.56,0.1499,36,PersonalLoan,705,0.418,100576.0,GA,2025-08-31,7410.94,343.72,343.72,96.87,0.0,0,,0.0
L202404-009,2024-04-01,12711.56,0.1499,36,PersonalLoan,705,0.418,100576.0,GA,2025-09-30,7062.92,348.02,348.02,92.57,0.0,0,,0.0
L202404-009,2024-04-01,12711.56,0.1499,36,PersonalLoan,705,0.418,100576.0,GA,2025-10-31,6710.56,352.36,352.36,88.23,0.0,0,,0.0
L202404-009,2024-04-01,12711.56,0.1499,36,PersonalLoan,705,0.418,100576.0,GA,2025-11-30,6353.8,356.76,356.76,83.83,0.0,0,,0.0
L202404-009,2024-04-01,12711.56,0.1499,36,PersonalLoan,705,0.418,100576.0,GA,2025-12-31,5992.58,361.22,361.22,79.37,0.0,0,,0.0
L202404-009,2024-04-01,12711.56,0.1499,36,PersonalLoan,705,0.418,100576.0,GA,2026-01-31,5626.85,365.73,365.73,74.86,0.0,0,,0.0
L202404-009,2024-04-01,12711.56,0.1499,36,PersonalLoan,705,0.418,100576.0,GA,2026-02-28,5256.55,370.3,370.3,70.29,0.0,0,,0.0
L202404-009,2024-04-01,12711.56,0.1499,36,PersonalLoan,705,0.418,100576.0,GA,2026-03-31,4881.62,374.93,374.93,65.66,0.0,0,,0.0
L202404-009,2024-04-01,12711.56,0.1499,36,PersonalLoan,705,0.418,100576.0,GA,2026-04-30,4502.01,379.61,379.61,60.98,0.0,0,,0.0
L202404-010,2024-04-01,24900.1,0.1499,36,PersonalLoan,794,0.211,50912.0,CA,2024-04-30,24348.09,552.01,552.01,311.04,0.0,0,,0.0
L202404-010,2024-04-01,24900.1,0.1499,36,PersonalLoan,794,0.211,50912.0,CA,2024-05-31,23789.19,558.9,558.9,304.15,0.0,0,,0.0
L202404-010,2024-04-01,24900.1,0.1499,36,PersonalLoan,794,0.211,50912.0,CA,2024-06-30,23223.31,565.88,565.88,297.17,0.0,0,,0.0
L202404-010,2024-04-01,24900.1,0.1499,36,PersonalLoan,794,0.211,50912.0,CA,2024-07-31,22650.36,572.95,572.95,290.1,0.0,0,,0.0
L202404-010,2024-04-01,24900.1,0.1499,36,PersonalLoan,794,0.211,50912.0,CA,2024-08-31,22070.25,580.11,580.11,282.94,0.0,0,,0.0
L202404-010,2024-04-01,24900.1,0.1499,36,PersonalLoan,794,0.211,50912.0,CA,2024-09-30,21482.89,587.36,587.36,275.69,0.0,0,,0.0
L202404-010,2024-04-01,24900.1,0.1499,36,PersonalLoan,794,0.211,50912.0,CA,2024-10-31,21482.89,594.69,0.0,0.0,0.0,30,,0.0
L202404-010,2024-04-01,24900.1,0.1499,36,PersonalLoan,794,0.211,50912.0,CA,2024-11-30,21482.89,594.69,0.0,0.0,0.0,60,,0.0
L202404-010,2024-04-01,24900.1,0.1499,36,PersonalLoan,794,0.211,50912.0,CA,2024-12-31,21482.89,594.69,0.0,0.0,0.0,90,,0.0
L202404-010,2024-04-01,24900.1,0.1499,36,PersonalLoan,794,0.211,50912.0,CA,2025-01-31,0.0,594.69,0.0,0.0,0.0,120,2025-01-31,21482.89
L202404-011,2024-04-01,16960.37,0.1499,36,PersonalLoan,778,0.199,77985.0,GA,2024-04-30,16584.38,375.99,375.99,211.86,0.0,0,,0.0
L202404-011,2024-04-01,16960.37,0.1499,36,PersonalLoan,778,0.199,77985.0,GA,2024-05-31,16203.7,380.68,380.68,207.17,0.0,0,,0.0
L202404-011,2024-04-01,16960.37,0.1499,36,PersonalLoan,778,0.199,77985.0,GA,2024-06-30,15818.26,385.44,385.44,202.41,0.0,0,,0.0
L202404-011,2024-04-01,16960.37,0.1499,36,PersonalLoan,778,0.199,77985.0,GA,2024-07-31,15428.01,390.25,390.25,197.6,0.0,0,,0.0
L202404-011,2024-04-01,16960.37,0.1499,36,PersonalLoan,778,0.199,77985.0,GA,2024-08-31,15032.88,395.13,395.13,192.72,0.0,0,,0.0
L202404-011,2024-04-01,16960.37,0.1499,36,PersonalLoan,778,0.199,77985.0,GA,2024-09-30,14632.82,400.06,400.06,187.79,0.0,0,,0.0
L202404-011,2024-04-01,16960.37,0.1499,36,PersonalLoan,778,0.199,77985.0,GA,2024-10-31,14227.76,405.06,405.06,182.79,0.0,0,,0.0
L202404-011,2024-04-01,16960.37,0.1499,36,PersonalLoan,778,0.199,77985.0,GA,2024-11-30,13817.64,410.12,410.12,177.73,0.0,0,,0.0
L202404-011,2024-04-01,16960.37,0.1499,36,PersonalLoan,778,0.199,77985.0,GA,2024-12-31,13402.4,415.24,415.24,172.61,0.0,0,,0.0
L202404-011,2024-04-01,16960.37,0.1499,36,PersonalLoan,778,0.199,77985.0,GA,2025-01-31,12981.97,420.43,420.43,167.42,0.0,0,,0.0
L202404-011,2024-04-01,16960.37,0.1499,36,PersonalLoan,778,0.199,77985.0,GA,2025-02-28,12556.29,425.68,425.68,162.17,0.0,0,,0.0
L202404-011,2024-04-01,16960.37,0.1499,36,PersonalLoan,778,0.199,77985.0,GA,2025-03-31,12125.29,431.0,431.0,156.85,0.0,0,,0.0
L202404-011,2024-04-01,16960.37,0.1499,36,PersonalLoan,778,0.199,77985.0,GA,2025-04-30,11688.91,436.38,436.38,151.47,0.0,0,,0.0
L202404-011,2024-04-01,16960.37,0.1499,36,PersonalLoan,778,0.199,77985.0,GA,2025-05-31,11247.07,441.84,441.84,146.01,0.0,0,,0.0
L202404-011,2024-04-01,16960.37,0.1499,36,PersonalLoan,778,0.199,77985.0,GA,2025-06-30,10799.71,447.36,447.36,140.49,0.0,0,,0.0
L202404-011,2024-04-01,16960.37,0.1499,36,PersonalLoan,778,0.199,77985.0,GA,2025-07-31,10346.77,452.94,452.94,134.91,0.0,0,,0.0
L202404-011,2024-04-01,16960.37,0.1499,36,PersonalLoan,778,0.199,77985.0,GA,2025-08-31,9888.17,458.6,458.6,129.25,0.0,0,,0.0
L202404-011,2024-04-01,16960.37,0.1499,36,PersonalLoan,778,0.199,77985.0,GA,2025-09-30,9423.84,464.33,464.33,123.52,0.0,0,,0.0
L202404-011,2024-04-01,16960.37,0.1499,36,PersonalLoan,778,0.199,77985.0,GA,2025-10-31,8953.71,470.13,470.13,117.72,0.0,0,,0.0
L202404-011,2024-04-01,16960.37,0.1499,36,PersonalLoan,778,0.199,77985.0,GA,2025-11-30,8477.71,476.0,476.0,111.85,0.0,0,,0.0
L202404-011,2024-04-01,16960.37,0.1499,36,PersonalLoan,778,0.199,77985.0,GA,2025-12-31,7995.76,481.95,481.95,105.9,0.0,0,,0.0
L202404-011,2024-04-01,16960.37,0.1499,36,PersonalLoan,778,0.199,77985.0,GA,2026-01-31,7507.79,487.97,487.97,99.88,0.0,0,,0.0
L202404-011,2024-04-01,16960.37,0.1499,36,PersonalLoan,778,0.199,77985.0,GA,2026-02-28,7013.72,494.07,494.07,93.78,0.0,0,,0.0
L202404-011,2024-04-01,16960.37,0.1499,36,PersonalLoan,778,0.199,77985.0,GA,2026-03-31,6513.48,500.24,500.24,87.61,0.0,0,,0.0
L202404-011,2024-04-01,16960.37,0.1499,36,PersonalLoan,778,0.199,77985.0,GA,2026-04-30,6006.99,506.49,506.49,81.36,0.0,0,,0.0
L202404-012,2024-04-01,15241.88,0.1499,36,PersonalLoan,678,0.101,145249.0,OH,2024-04-30,14903.99,337.89,337.89,190.4,0.0,0,,0.0
L202404-012,2024-04-01,15241.88,0.1499,36,PersonalLoan,678,0.101,145249.0,OH,2024-05-31,14561.88,342.11,342.11,186.18,0.0,0,,0.0
L202404-012,2024-04-01,15241.88,0.1499,36,PersonalLoan,678,0.101,145249.0,OH,2024-06-30,14215.49,346.39,346.39,181.9,0.0,0,,0.0
L202404-012,2024-04-01,15241.88,0.1499,36,PersonalLoan,678,0.101,145249.0,OH,2024-07-31,13864.78,350.71,350.71,177.58,0.0,0,,0.0
L202404-012,2024-04-01,15241.88,0.1499,36,PersonalLoan,678,0.101,145249.0,OH,2024-08-31,13509.68,355.1,355.1,173.19,0.0,0,,0.0
L202404-012,2024-04-01,15241.88,0.1499,36,PersonalLoan,678,0.101,145249.0,OH,2024-09-30,13150.15,359.53,359.53,168.76,0.0,0,,0.0
L202404-012,2024-04-01,15241.88,0.1499,36,PersonalLoan,678,0.101,145249.0,OH,2024-10-31,12786.13,364.02,364.02,164.27,0.0,0,,0.0
L202404-012,2024-04-01,15241.88,0.1499,36,PersonalLoan,678,0.101,145249.0,OH,2024-11-30,12417.56,368.57,368.57,159.72,0.0,0,,0.0
L202404-012,2024-04-01,15241.88,0.1499,36,PersonalLoan,678,0.101,145249.0,OH,2024-12-31,12044.39,373.17,373.17,155.12,0.0,0,,0.0
L202404-012,2024-04-01,15241.88,0.1499,36,PersonalLoan,678,0.101,145249.0,OH,2025-01-31,11666.55,377.84,377.84,150.45,0.0,0,,0.0
L202404-012,2024-04-01,15241.88,0.1499,36,PersonalLoan,678,0.101,145249.0,OH,2025-02-28,11283.99,382.56,382.56,145.73,0.0,0,,0.0
L202404-012,2024-04-01,15241.88,0.1499,36,PersonalLoan,678,0.101,145249.0,OH,2025-03-31,10896.66,387.33,387.33,140.96,0.0,0,,0.0
L202404-012,2024-04-01,15241.88,0.1499,36,PersonalLoan,678,0.101,145249.0,OH,2025-04-30,10504.49,392.17,392.17,136.12,0.0,0,,0.0
L202404-012,2024-04-01,15241.88,0.1499,36,PersonalLoan,678,0.101,145249.0,OH,2025-05-31,10107.42,397.07,397.07,131.22,0.0,0,,0.0
L202404-012,2024-04-01,15241.88,0.1499,36,PersonalLoan,678,0.101,145249.0,OH,2025-06-30,9705.39,402.03,402.03,126.26,0.0,0,,0.0
L202404-012,2024-04-01,15241.88,0.1499,36,PersonalLoan,678,0.101,145249.0,OH,2025-07-31,9298.34,407.05,407.05,121.24,0.0,0,,0.0
L202404-012,2024-04-01,15241.88,0.1499,36,PersonalLoan,678,0.101,145249.0,OH,2025-08-31,8886.2,412.14,412.14,116.15,0.0,0,,0.0
L202404-012,2024-04-01,15241.88,0.1499,36,PersonalLoan,678,0.101,145249.0,OH,2025-09-30,8468.91,417.29,417.29,111.0,0.0,0,,0.0
L202404-012,2024-04-01,15241.88,0.1499,36,PersonalLoan,678,0.101,145249.0,OH,2025-10-31,8046.41,422.5,422.5,105.79,0.0,0,,0.0
L202404-012,2024-04-01,15241.88,0.1499,36,PersonalLoan,678,0.101,145249.0,OH,2025-11-30,7618.63,427.78,427.78,100.51,0.0,0,,0.0
L202404-012,2024-04-01,15241.88,0.1499,36,PersonalLoan,678,0.101,145249.0,OH,2025-12-31,7185.51,433.12,433.12,95.17,0.0,0,,0.0
L202404-012,2024-04-01,15241.88,0.1499,36,PersonalLoan,678,0.101,145249.0,OH,2026-01-31,6746.98,438.53,438.53,89.76,0.0,0,,0.0
L202404-012,2024-04-01,15241.88,0.1499,36,PersonalLoan,678,0.101,145249.0,OH,2026-02-28,6302.97,444.01,444.01,84.28,0.0,0,,0.0
L202404-012,2024-04-01,15241.88,0.1499,36,PersonalLoan,678,0.101,145249.0,OH,2026-03-31,5853.41,449.56,449.56,78.73,0.0,0,,0.0
L202404-012,2024-04-01,15241.88,0.1499,36,PersonalLoan,678,0.101,145249.0,OH,2026-04-30,5398.24,455.17,455.17,73.12,0.0,0,,0.0
L202404-013,2024-04-01,8104.01,0.1499,36,PersonalLoan,731,0.429,66618.0,PA,2024-04-30,7924.35,179.66,179.66,101.23,0.0,0,,0.0
L202404-013,2024-04-01,8104.01,0.1499,36,PersonalLoan,731,0.429,66618.0,PA,2024-05-31,7742.45,181.9,181.9,98.99,0.0,0,,0.0
L202404-013,2024-04-01,8104.01,0.1499,36,PersonalLoan,731,0.429,66618.0,PA,2024-06-30,7558.28,184.17,184.17,96.72,0.0,0,,0.0
L202404-013,2024-04-01,8104.01,0.1499,36,PersonalLoan,731,0.429,66618.0,PA,2024-07-31,7371.81,186.47,186.47,94.42,0.0,0,,0.0
L202404-013,2024-04-01,8104.01,0.1499,36,PersonalLoan,731,0.429,66618.0,PA,2024-08-31,7183.01,188.8,188.8,92.09,0.0,0,,0.0
L202404-013,2024-04-01,8104.01,0.1499,36,PersonalLoan,731,0.429,66618.0,PA,2024-09-30,6991.85,191.16,191.16,89.73,0.0,0,,0.0
L202404-013,2024-04-01,8104.01,0.1499,36,PersonalLoan,731,0.429,66618.0,PA,2024-10-31,6798.3,193.55,193.55,87.34,0.0,0,,0.0
L202404-013,2024-04-01,8104.01,0.1499,36,PersonalLoan,731,0.429,66618.0,PA,2024-11-30,6602.33,195.97,195.97,84.92,0.0,0,,0.0
L202404-013,2024-04-01,8104.01,0.1499,36,PersonalLoan,731,0.429,66618.0,PA,2024-12-31,6403.91,198.42,198.42,82.47,0.0,0,,0.0
L202404-013,2024-04-01,8104.01,0.1499,36,PersonalLoan,731,0.429,66618.0,PA,2025-01-31,6203.02,200.89,200.89,80.0,0.0,0,,0.0
L202404-013,2024-04-01,8104.01,0.1499,36,PersonalLoan,731,0.429,66618.0,PA,2025-02-28,5999.62,203.4,203.4,77.49,0.0,0,,0.0
L202404-013,2024-04-01,8104.01,0.1499,36,PersonalLoan,731,0.429,66618.0,PA,2025-03-31,5793.68,205.94,205.94,74.95,0.0,0,,0.0
L202404-013,2024-04-01,8104.01,0.1499,36,PersonalLoan,731,0.429,66618.0,PA,2025-04-30,5585.16,208.52,208.52,72.37,0.0,0,,0.0
L202404-013,2024-04-01,8104.01,0.1499,36,PersonalLoan,731,0.429,66618.0,PA,2025-05-31,5374.04,211.12,211.12,69.77,0.0,0,,0.0
L202404-013,2024-04-01,8104.01,0.1499,36,PersonalLoan,731,0.429,66618.0,PA,2025-06-30,5160.28,213.76,213.76,67.13,0.0,0,,0.0
L202404-013,2024-04-01,8104.01,0.1499,36,PersonalLoan,731,0.429,66618.0,PA,2025-07-31,4943.85,216.43,216.43,64.46,0.0,0,,0.0
L202404-013,2024-04-01,8104.01,0.1499,36,PersonalLoan,731,0.429,66618.0,PA,2025-08-31,4724.72,219.13,219.13,61.76,0.0,0,,0.0
L202404-013,2024-04-01,8104.01,0.1499,36,PersonalLoan,731,0.429,66618.0,PA,2025-09-30,4502.85,221.87,221.87,59.02,0.0,0,,0.0
L202404-013,2024-04-01,8104.01,0.1499,36,PersonalLoan,731,0.429,66618.0,PA,2025-10-31,4278.21,224.64,224.64,56.25,0.0,0,,0.0
L202404-013,2024-04-01,8104.01,0.1499,36,PersonalLoan,731,0.429,66618.0,PA,2025-11-30,4050.76,227.45,227.45,53.44,0.0,0,,0.0
L202404-013,2024-04-01,8104.01,0.1499,36,PersonalLoan,731,0.429,66618.0,PA,2025-12-31,3820.47,230.29,230.29,50.6,0.0,0,,0.0
L202404-013,2024-04-01,8104.01,0.1499,36,PersonalLoan,731,0.429,66618.0,PA,2026-01-31,3587.3,233.17,233.17,47.72,0.0,0,,0.0
L202404-013,2024-04-01,8104.01,0.1499,36,PersonalLoan,731,0.429,66618.0,PA,2026-02-28,3351.22,236.08,236.08,44.81,0.0,0,,0.0
L202404-013,2024-04-01,8104.01,0.1499,36,PersonalLoan,731,0.429,66618.0,PA,2026-03-31,3112.19,239.03,239.03,41.86,0.0,0,,0.0
L202404-013,2024-04-01,8104.01,0.1499,36,PersonalLoan,731,0.429,66618.0,PA,2026-04-30,2870.18,242.01,242.01,38.88,0.0,0,,0.0
L202404-014,2024-04-01,19668.74,0.1499,36,PersonalLoan,708,0.353,99467.0,OH,2024-04-30,19232.71,436.03,436.03,245.7,0.0,0,,0.0
L202404-014,2024-04-01,19668.74,0.1499,36,PersonalLoan,708,0.353,99467.0,OH,2024-05-31,18791.23,441.48,441.48,240.25,0.0,0,,0.0
L202404-014,2024-04-01,19668.74,0.1499,36,PersonalLoan,708,0.353,99467.0,OH,2024-06-30,18344.23,447.0,447.0,234.73,0.0,0,,0.0
L202404-014,2024-04-01,19668.74,0.1499,36,PersonalLoan,708,0.353,99467.0,OH,2024-07-31,17891.65,452.58,452.58,229.15,0.0,0,,0.0
L202404-014,2024-04-01,19668.74,0.1499,36,PersonalLoan,708,0.353,99467.0,OH,2024-08-31,17433.42,458.23,458.23,223.5,0.0,0,,0.0
L202404-014,2024-04-01,19668.74,0.1499,36,PersonalLoan,708,0.353,99467.0,OH,2024-09-30,16969.46,463.96,463.96,217.77,0.0,0,,0.0
L202404-014,2024-04-01,19668.74,0.1499,36,PersonalLoan,708,0.353,99467.0,OH,2024-10-31,16499.71,469.75,469.75,211.98,0.0,0,,0.0
L202404-014,2024-04-01,19668.74,0.1499,36,PersonalLoan,708,0.353,99467.0,OH,2024-11-30,16024.09,475.62,475.62,206.11,0.0,0,,0.0
L202404-014,2024-04-01,19668.74,0.1499,36,PersonalLoan,708,0.353,99467.0,OH,2024-12-31,15542.53,481.56,481.56,200.17,0.0,0,,0.0
L202404-014,2024-04-01,19668.74,0.1499,36,PersonalLoan,708,0.353,99467.0,OH,2025-01-31,15054.95,487.58,487.58,194.15,0.0,0,,0.0
L202404-014,2024-04-01,19668.74,0.1499,36,PersonalLoan,708,0.353,99467.0,OH,2025-02-28,14561.28,493.67,493.67,188.06,0.0,0,,0.0
L202404-014,2024-04-01,19668.74,0.1499,36,PersonalLoan,708,0.353,99467.0,OH,2025-03-31,14061.44,499.84,499.84,181.89,0.0,0,,0.0
L202404-014,2024-04-01,19668.74,0.1499,36,PersonalLoan,708,0.353,99467.0,OH,2025-04-30,13555.36,506.08,506.08,175.65,0.0,0,,0.0
L202404-014,2024-04-01,19668.74,0.1499,36,PersonalLoan,708,0.353,99467.0,OH,2025-05-31,13042.96,512.4,512.4,169.33,0.0,0,,0.0
L202404-014,2024-04-01,19668.74,0.1499,36,PersonalLoan,708,0.353,99467.0,OH,2025-06-30,12524.16,518.8,518.8,162.93,0.0,0,,0.0
L202404-014,2024-04-01,19668.74,0.1499,36,PersonalLoan,708,0.353,99467.0,OH,2025-07-31,11998.88,525.28,525.28,156.45,0.0,0,,0.0
L202404-014,2024-04-01,19668.74,0.1499,36,PersonalLoan,708,0.353,99467.0,OH,2025-08-31,11467.04,531.84,531.84,149.89,0.0,0,,0.0
L202404-014,2024-04-01,19668.74,0.1499,36,PersonalLoan,708,0.353,99467.0,OH,2025-09-30,10928.55,538.49,538.49,143.24,0.0,0,,0.0
L202404-014,2024-04-01,19668.74,0.1499,36,PersonalLoan,708,0.353,99467.0,OH,2025-10-31,0.0,545.21,10928.55,136.52,0.0,0,,0.0
L202404-015,2024-04-01,8083.32,0.1499,36,PersonalLoan,634,0.3,143420.0,FL,2024-04-30,7904.12,179.2,179.2,100.97,0.0,0,,0.0
L202404-015,2024-04-01,8083.32,0.1499,36,PersonalLoan,634,0.3,143420.0,FL,2024-05-31,7722.69,181.43,181.43,98.74,0.0,0,,0.0
L202404-015,2024-04-01,8083.32,0.1499,36,PersonalLoan,634,0.3,143420.0,FL,2024-06-30,7538.99,183.7,183.7,96.47,0.0,0,,0.0
L202404-015,2024-04-01,8083.32,0.1499,36,PersonalLoan,634,0.3,143420.0,FL,2024-07-31,7352.99,186.0,186.0,94.17,0.0,0,,0.0
L202404-015,2024-04-01,8083.32,0.1499,36,PersonalLoan,634,0.3,143420.0,FL,2024-08-31,7164.67,188.32,188.32,91.85,0.0,0,,0.0
L202404-015,2024-04-01,8083.32,0.1499,36,PersonalLoan,634,0.3,143420.0,FL,2024-09-30,6974.0,190.67,190.67,89.5,0.0,0,,0.0
L202404-015,2024-04-01,8083.32,0.1499,36,PersonalLoan,634,0.3,143420.0,FL,2024-10-31,6780.95,193.05,193.05,87.12,0.0,0,,0.0
L202404-015,2024-04-01,8083.32,0.1499,36,PersonalLoan,634,0.3,143420.0,FL,2024-11-30,6585.49,195.46,195.46,84.71,0.0,0,,0.0
L202404-015,2024-04-01,8083.32,0.1499,36,PersonalLoan,634,0.3,143420.0,FL,2024-12-31,6387.58,197.91,197.91,82.26,0.0,0,,0.0
L202404-015,2024-04-01,8083.32,0.1499,36,PersonalLoan,634,0.3,143420.0,FL,2025-01-31,6187.2,200.38,200.38,79.79,0.0,0,,0.0
L202404-015,2024-04-01,8083.32,0.1499,36,PersonalLoan,634,0.3,143420.0,FL,2025-02-28,5984.32,202.88,202.88,77.29,0.0,0,,0.0
L202404-015,2024-04-01,8083.32,0.1499,36,PersonalLoan,634,0.3,143420.0,FL,2025-03-31,5778.9,205.42,205.42,74.75,0.0,0,,0.0
L202404-015,2024-04-01,8083.32,0.1499,36,PersonalLoan,634,0.3,143420.0,FL,2025-04-30,5570.92,207.98,207.98,72.19,0.0,0,,0.0
L202404-015,2024-04-01,8083.32,0.1499,36,PersonalLoan,634,0.3,143420.0,FL,2025-05-31,5360.34,210.58,210.58,69.59,0.0,0,,0.0
L202404-015,2024-04-01,8083.32,0.1499,36,PersonalLoan,634,0.3,143420.0,FL,2025-06-30,5147.13,213.21,213.21,66.96,0.0,0,,0.0
L202404-015,2024-04-01,8083.32,0.1499,36,PersonalLoan,634,0.3,143420.0,FL,2025-07-31,4931.26,215.87,215.87,64.3,0.0,0,,0.0
L202404-015,2024-04-01,8083.32,0.1499,36,PersonalLoan,634,0.3,143420.0,FL,2025-08-31,4712.69,218.57,218.57,61.6,0.0,0,,0.0
L202404-015,2024-04-01,8083.32,0.1499,36,PersonalLoan,634,0.3,143420.0,FL,2025-09-30,4491.39,221.3,221.3,58.87,0.0,0,,0.0
L202404-015,2024-04-01,8083.32,0.1499,36,PersonalLoan,634,0.3,143420.0,FL,2025-10-31,4267.32,224.07,224.07,56.1,0.0,0,,0.0
L202404-015,2024-04-01,8083.32,0.1499,36,PersonalLoan,634,0.3,143420.0,FL,2025-11-30,4040.46,226.86,226.86,53.31,0.0,0,,0.0
L202404-015,2024-04-01,8083.32,0.1499,36,PersonalLoan,634,0.3,143420.0,FL,2025-12-31,3810.76,229.7,229.7,50.47,0.0,0,,0.0
L202404-015,2024-04-01,8083.32,0.1499,36,PersonalLoan,634,0.3,143420.0,FL,2026-01-31,3578.19,232.57,232.57,47.6,0.0,0,,0.0
L202404-015,2024-04-01,8083.32,0.1499,36,PersonalLoan,634,0.3,143420.0,FL,2026-02-28,3342.72,235.47,235.47,44.7,0.0,0,,0.0
L202404-015,2024-04-01,8083.32,0.1499,36,PersonalLoan,634,0.3,143420.0,FL,2026-03-31,3104.31,238.41,238.41,41.76,0.0,0,,0.0
L202404-015,2024-04-01,8083.32,0.1499,36,PersonalLoan,634,0.3,143420.0,FL,2026-04-30,2862.92,241.39,241.39,38.78,0.0,0,,0.0
L202407-001,2024-07-01,13251.58,0.1499,36,PersonalLoan,676,0.158,69669.0,GA,2024-07-31,12957.8,293.78,293.78,165.53,0.0,0,,0.0
L202407-001,2024-07-01,13251.58,0.1499,36,PersonalLoan,676,0.158,69669.0,GA,2024-08-31,12660.35,297.45,297.45,161.86,0.0,0,,0.0
L202407-001,2024-07-01,13251.58,0.1499,36,PersonalLoan,676,0.158,69669.0,GA,2024-09-30,12359.19,301.16,301.16,158.15,0.0,0,,0.0
L202407-001,2024-07-01,13251.58,0.1499,36,PersonalLoan,676,0.158,69669.0,GA,2024-10-31,0.0,304.92,12359.19,154.39,0.0,0,,0.0
L202407-002,2024-07-01,13860.16,0.1499,36,PersonalLoan,759,0.283,45079.0,GA,2024-07-31,13552.9,307.26,307.26,173.14,0.0,0,,0.0
L202407-002,2024-07-01,13860.16,0.1499,36,PersonalLoan,759,0.283,45079.0,GA,2024-08-31,13241.8,311.1,311.1,169.3,0.0,0,,0.0
L202407-002,2024-07-01,13860.16,0.1499,36,PersonalLoan,759,0.283,45079.0,GA,2024-09-30,12926.81,314.99,314.99,165.41,0.0,0,,0.0
L202407-002,2024-07-01,13860.16,0.1499,36,PersonalLoan,759,0.283,45079.0,GA,2024-10-31,12607.89,318.92,318.92,161.48,0.0,0,,0.0
L202407-002,2024-07-01,13860.16,0.1499,36,PersonalLoan,759,0.283,45079.0,GA,2024-11-30,12284.98,322.91,322.91,157.49,0.0,0,,0.0
L202407-002,2024-07-01,13860.16,0.1499,36,PersonalLoan,759,0.283,45079.0,GA,2024-12-31,11958.04,326.94,326.94,153.46,0.0,0,,0.0
L202407-002,2024-07-01,13860.16,0.1499,36,PersonalLoan,759,0.283,45079.0,GA,2025-01-31,11627.02,331.02,331.02,149.38,0.0,0,,0.0
L202407-002,2024-07-01,13860.16,0.1499,36,PersonalLoan,759,0.283,45079.0,GA,2025-02-28,11291.86,335.16,335.16,145.24,0.0,0,,0.0
L202407-002,2024-07-01,13860.16,0.1499,36,PersonalLoan,759,0.283,45079.0,GA,2025-03-31,10952.51,339.35,339.35,141.05,0.0,0,,0.0
L202407-002,2024-07-01,13860.16,0.1499,36,PersonalLoan,759,0.283,45079.0,GA,2025-04-30,10608.93,343.58,343.58,136.82,0.0,0,,0.0
L202407-002,2024-07-01,13860.16,0.1499,36,PersonalLoan,759,0.283,45079.0,GA,2025-05-31,0.0,347.88,10608.93,132.52,0.0,0,,0.0
L202407-003,2024-07-01,10731.44,0.1499,36,PersonalLoan,756,0.203,101538.0,PA,2024-07-31,10493.53,237.91,237.91,134.05,0.0,0,,0.0
L202407-003,2024-07-01,10731.44,0.1499,36,PersonalLoan,756,0.203,101538.0,PA,2024-08-31,10252.65,240.88,240.88,131.08,0.0,0,,0.0
L202407-003,2024-07-01,10731.44,0.1499,36,PersonalLoan,756,0.203,101538.0,PA,2024-09-30,10008.76,243.89,243.89,128.07,0.0,0,,0.0
L202407-003,2024-07-01,10731.44,0.1499,36,PersonalLoan,756,0.203,101538.0,PA,2024-10-31,9761.83,246.93,246.93,125.03,0.0,0,,0.0
L202407-003,2024-07-01,10731.44,0.1499,36,PersonalLoan,756,0.203,101538.0,PA,2024-11-30,9511.81,250.02,250.02,121.94,0.0,0,,0.0
L202407-003,2024-07-01,10731.44,0.1499,36,PersonalLoan,756,0.203,101538.0,PA,2024-12-31,9258.67,253.14,253.14,118.82,0.0,0,,0.0
L202407-003,2024-07-01,10731.44,0.1499,36,PersonalLoan,756,0.203,101538.0,PA,2025-01-31,9002.37,256.3,256.3,115.66,0.0,0,,0.0
L202407-003,2024-07-01,10731.44,0.1499,36,PersonalLoan,756,0.203,101538.0,PA,2025-02-28,8742.86,259.51,259.51,112.45,0.0,0,,0.0
L202407-003,2024-07-01,10731.44,0.1499,36,PersonalLoan,756,0.203,101538.0,PA,2025-03-31,8480.11,262.75,262.75,109.21,0.0,0,,0.0
L202407-003,2024-07-01,10731.44,0.1499,36,PersonalLoan,756,0.203,101538.0,PA,2025-04-30,8214.08,266.03,266.03,105.93,0.0,0,,0.0
L202407-003,2024-07-01,10731.44,0.1499,36,PersonalLoan,756,0.203,101538.0,PA,2025-05-31,7944.73,269.35,269.35,102.61,0.0,0,,0.0
L202407-003,2024-07-01,10731.44,0.1499,36,PersonalLoan,756,0.203,101538.0,PA,2025-06-30,7672.01,272.72,272.72,99.24,0.0,0,,0.0
L202407-003,2024-07-01,10731.44,0.1499,36,PersonalLoan,756,0.203,101538.0,PA,2025-07-31,7395.89,276.12,276.12,95.84,0.0,0,,0.0
L202407-003,2024-07-01,10731.44,0.1499,36,PersonalLoan,756,0.203,101538.0,PA,2025-08-31,7116.32,279.57,279.57,92.39,0.0,0,,0.0
L202407-003,2024-07-01,10731.44,0.1499,36,PersonalLoan,756,0.203,101538.0,PA,2025-09-30,6833.25,283.07,283.07,88.89,0.0,0,,0.0
L202407-003,2024-07-01,10731.44,0.1499,36,PersonalLoan,756,0.203,101538.0,PA,2025-10-31,6546.65,286.6,286.6,85.36,0.0,0,,0.0
L202407-003,2024-07-01,10731.44,0.1499,36,PersonalLoan,756,0.203,101538.0,PA,2025-11-30,6256.47,290.18,290.18,81.78,0.0,0,,0.0
L202407-003,2024-07-01,10731.44,0.1499,36,PersonalLoan,756,0.203,101538.0,PA,2025-12-31,0.0,293.81,6256.47,78.15,0.0,0,,0.0
L202407-004,2024-07-01,20808.87,0.1499,36,PersonalLoan,750,0.413,133802.0,GA,2024-07-31,20347.57,461.3,461.3,259.94,0.0,0,,0.0
L202407-004,2024-07-01,20808.87,0.1499,36,PersonalLoan,750,0.413,133802.0,GA,2024-08-31,19880.51,467.06,467.06,254.18,0.0,0,,0.0
L202407-004,2024-07-01,20808.87,0.1499,36,PersonalLoan,750,0.413,133802.0,GA,2024-09-30,19407.61,472.9,472.9,248.34,0.0,0,,0.0
L202407-004,2024-07-01,20808.87,0.1499,36,PersonalLoan,750,0.413,133802.0,GA,2024-10-31,18928.8,478.81,478.81,242.43,0.0,0,,0.0
L202407-004,2024-07-01,20808.87,0.1499,36,PersonalLoan,750,0.413,133802.0,GA,2024-11-30,18444.01,484.79,484.79,236.45,0.0,0,,0.0
L202407-004,2024-07-01,20808.87,0.1499,36,PersonalLoan,750,0.413,133802.0,GA,2024-12-31,17953.17,490.84,490.84,230.4,0.0,0,,0.0
L202407-004,2024-07-01,20808.87,0.1499,36,PersonalLoan,750,0.413,133802.0,GA,2025-01-31,17456.2,496.97,496.97,224.27,0.0,0,,0.0
L202407-004,2024-07-01,20808.87,0.1499,36,PersonalLoan,750,0.413,133802.0,GA,2025-02-28,16953.02,503.18,503.18,218.06,0.0,0,,0.0
L202407-004,2024-07-01,20808.87,0.1499,36,PersonalLoan,750,0.413,133802.0,GA,2025-03-31,16443.55,509.47,509.47,211.77,0.0,0,,0.0
L202407-004,2024-07-01,20808.87,0.1499,36,PersonalLoan,750,0.413,133802.0,GA,2025-04-30,15927.72,515.83,515.83,205.41,0.0,0,,0.0
L202407-004,2024-07-01,20808.87,0.1499,36,PersonalLoan,750,0.413,133802.0,GA,2025-05-31,15405.44,522.28,522.28,198.96,0.0,0,,0.0
L202407-004,2024-07-01,20808.87,0.1499,36,PersonalLoan,750,0.413,133802.0,GA,2025-06-30,14876.64,528.8,528.8,192.44,0.0,0,,0.0
L202407-004,2024-07-01,20808.87,0.1499,36,PersonalLoan,750,0.413,133802.0,GA,2025-07-31,14341.23,535.41,535.41,185.83,0.0,0,,0.0
L202407-004,2024-07-01,20808.87,0.1499,36,PersonalLoan,750,0.413,133802.0,GA,2025-08-31,13799.14,542.09,542.09,179.15,0.0,0,,0.0
L202407-004,2024-07-01,20808.87,0.1499,36,PersonalLoan,750,0.413,133802.0,GA,2025-09-30,13250.27,548.87,548.87,172.37,0.0,0,,0.0
L202407-004,2024-07-01,20808.87,0.1499,36,PersonalLoan,750,0.413,133802.0,GA,2025-10-31,12694.55,555.72,555.72,165.52,0.0,0,,0.0
L202407-004,2024-07-01,20808.87,0.1499,36,PersonalLoan,750,0.413,133802.0,GA,2025-11-30,12131.89,562.66,562.66,158.58,0.0,0,,0.0
L202407-004,2024-07-01,20808.87,0.1499,36,PersonalLoan,750,0.413,133802.0,GA,2025-12-31,11562.2,569.69,569.69,151.55,0.0,0,,0.0
L202407-004,2024-07-01,20808.87,0.1499,36,PersonalLoan,750,0.413,133802.0,GA,2026-01-31,10985.39,576.81,576.81,144.43,0.0,0,,0.0
L202407-004,2024-07-01,20808.87,0.1499,36,PersonalLoan,750,0.413,133802.0,GA,2026-02-28,10401.38,584.01,584.01,137.23,0.0,0,,0.0
L202407-004,2024-07-01,20808.87,0.1499,36,PersonalLoan,750,0.413,133802.0,GA,2026-03-31,9810.07,591.31,591.31,129.93,0.0,0,,0.0
L202407-004,2024-07-01,20808.87,0.1499,36,PersonalLoan,750,0.413,133802.0,GA,2026-04-30,9211.37,598.7,598.7,122.54,0.0,0,,0.0
L202407-005,2024-07-01,9445.81,0.1499,36,PersonalLoan,788,0.331,62868.0,CA,2024-07-31,9236.4,209.41,209.41,117.99,0.0,0,,0.0
L202407-005,2024-07-01,9445.81,0.1499,36,PersonalLoan,788,0.331,62868.0,CA,2024-08-31,9024.38,212.02,212.02,115.38,0.0,0,,0.0
L202407-005,2024-07-01,9445.81,0.1499,36,PersonalLoan,788,0.331,62868.0,CA,2024-09-30,8809.71,214.67,214.67,112.73,0.0,0,,0.0
L202407-005,2024-07-01,9445.81,0.1499,36,PersonalLoan,788,0.331,62868.0,CA,2024-10-31,8592.36,217.35,217.35,110.05,0.0,0,,0.0
L202407-005,2024-07-01,9445.81,0.1499,36,PersonalLoan,788,0.331,62868.0,CA,2024-11-30,8372.29,220.07,220.07,107.33,0.0,0,,0.0
L202407-005,2024-07-01,9445.81,0.1499,36,PersonalLoan,788,0.331,62868.0,CA,2024-12-31,8149.47,222.82,222.82,104.58,0.0,0,,0.0
L202407-005,2024-07-01,9445.81,0.1499,36,PersonalLoan,788,0.331,62868.0,CA,2025-01-31,7923.87,225.6,225.6,101.8,0.0,0,,0.0
L202407-005,2024-07-01,9445.81,0.1499,36,PersonalLoan,788,0.331,62868.0,CA,2025-02-28,7695.45,228.42,228.42,98.98,0.0,0,,0.0
L202407-005,2024-07-01,9445.81,0.1499,36,PersonalLoan,788,0.331,62868.0,CA,2025-03-31,7464.18,231.27,231.27,96.13,0.0,0,,0.0
L202407-005,2024-07-01,9445.81,0.1499,36,PersonalLoan,788,0.331,62868.0,CA,2025-04-30,7230.02,234.16,234.16,93.24,0.0,0,,0.0
L202407-005,2024-07-01,9445.81,0.1499,36,PersonalLoan,788,0.331,62868.0,CA,2025-05-31,6992.93,237.09,237.09,90.31,0.0,0,,0.0
L202407-005,2024-07-01,9445.81,0.1499,36,PersonalLoan,788,0.331,62868.0,CA,2025-06-30,6752.88,240.05,240.05,87.35,0.0,0,,0.0
L202407-005,2024-07-01,9445.81,0.1499,36,PersonalLoan,788,0.331,62868.0,CA,2025-07-31,6509.83,243.05,243.05,84.35,0.0,0,,0.0
L202407-005,2024-07-01,9445.81,0.1499,36,PersonalLoan,788,0.331,62868.0,CA,2025-08-31,6263.75,246.08,246.08,81.32,0.0,0,,0.0
L202407-005,2024-07-01,9445.81,0.1499,36,PersonalLoan,788,0.331,62868.0,CA,2025-09-30,6014.59,249.16,249.16,78.24,0.0,0,,0.0
L202407-005,2024-07-01,9445.81,0.1499,36,PersonalLoan,788,0.331,62868.0,CA,2025-10-31,5762.32,252.27,252.27,75.13,0.0,0,,0.0
L202407-005,2024-07-01,9445.81,0.1499,36,PersonalLoan,788,0.331,62868.0,CA,2025-11-30,5506.9,255.42,255.42,71.98,0.0,0,,0.0
L202407-005,2024-07-01,9445.81,0.1499,36,PersonalLoan,788,0.331,62868.0,CA,2025-12-31,5248.29,258.61,258.61,68.79,0.0,0,,0.0
L202407-005,2024-07-01,9445.81,0.1499,36,PersonalLoan,788,0.331,62868.0,CA,2026-01-31,4986.45,261.84,261.84,65.56,0.0,0,,0.0
L202407-005,2024-07-01,9445.81,0.1499,36,PersonalLoan,788,0.331,62868.0,CA,2026-02-28,4721.34,265.11,265.11,62.29,0.0,0,,0.0
L202407-005,2024-07-01,9445.81,0.1499,36,PersonalLoan,788,0.331,62868.0,CA,2026-03-31,4452.92,268.42,268.42,58.98,0.0,0,,0.0
L202407-005,2024-07-01,9445.81,0.1499,36,PersonalLoan,788,0.331,62868.0,CA,2026-04-30,4181.14,271.78,271.78,55.62,0.0,0,,0.0
L202407-006,2024-07-01,24796.38,0.1499,36,PersonalLoan,624,0.106,45637.0,PA,2024-07-31,24246.68,549.7,549.7,309.75,0.0,0,,0.0
L202407-006,2024-07-01,24796.38,0.1499,36,PersonalLoan,624,0.106,45637.0,PA,2024-08-31,23690.11,556.57,556.57,302.88,0.0,0,,0.0
L202407-006,2024-07-01,24796.38,0.1499,36,PersonalLoan,624,0.106,45637.0,PA,2024-09-30,23126.59,563.52,563.52,295.93,0.0,0,,0.0
L202407-006,2024-07-01,24796.38,0.1499,36,PersonalLoan,624,0.106,45637.0,PA,2024-10-31,22556.03,570.56,570.56,288.89,0.0,0,,0.0
L202407-006,2024-07-01,24796.38,0.1499,36,PersonalLoan,624,0.106,45637.0,PA,2024-11-30,21978.34,577.69,577.69,281.76,0.0,0,,0.0
L202407-006,2024-07-01,24796.38,0.1499,36,PersonalLoan,624,0.106,45637.0,PA,2024-12-31,21393.44,584.9,584.9,274.55,0.0,0,,0.0
L202407-006,2024-07-01,24796.38,0.1499,36,PersonalLoan,624,0.106,45637.0,PA,2025-01-31,20801.23,592.21,592.21,267.24,0.0,0,,0.0
L202407-006,2024-07-01,24796.38,0.1499,36,PersonalLoan,624,0.106,45637.0,PA,2025-02-28,20801.23,599.61,0.0,0.0,0.0,30,,0.0
L202407-006,2024-07-01,24796.38,0.1499,36,PersonalLoan,624,0.106,45637.0,PA,2025-03-31,20801.23,599.61,0.0,0.0,0.0,60,,0.0
L202407-006,2024-07-01,24796.38,0.1499,36,PersonalLoan,624,0.106,45637.0,PA,2025-04-30,20801.23,599.61,0.0,0.0,0.0,90,,0.0
L202407-006,2024-07-01,24796.38,0.1499,36,PersonalLoan,624,0.106,45637.0,PA,2025-05-31,0.0,599.61,0.0,0.0,0.0,120,2025-05-31,20801.23
L202407-007,2024-07-01,13666.21,0.1499,36,PersonalLoan,681,0.424,82846.0,PA,2024-07-31,13363.24,302.97,302.97,170.71,0.0,0,,0.0
L202407-007,2024-07-01,13666.21,0.1499,36,PersonalLoan,681,0.424,82846.0,PA,2024-08-31,13056.49,306.75,306.75,166.93,0.0,0,,0.0
L202407-007,2024-07-01,13666.21,0.1499,36,PersonalLoan,681,0.424,82846.0,PA,2024-09-30,12745.91,310.58,310.58,163.1,0.0,0,,0.0
L202407-007,2024-07-01,13666.21,0.1499,36,PersonalLoan,681,0.424,82846.0,PA,2024-10-31,12431.45,314.46,314.46,159.22,0.0,0,,0.0
L202407-007,2024-07-01,13666.21,0.1499,36,PersonalLoan,681,0.424,82846.0,PA,2024-11-30,12113.06,318.39,318.39,155.29,0.0,0,,0.0
L202407-007,2024-07-01,13666.21,0.1499,36,PersonalLoan,681,0.424,82846.0,PA,2024-12-31,11790.69,322.37,322.37,151.31,0.0,0,,0.0
L202407-007,2024-07-01,13666.21,0.1499,36,PersonalLoan,681,0.424,82846.0,PA,2025-01-31,11464.3,326.39,326.39,147.29,0.0,0,,0.0
L202407-007,2024-07-01,13666.21,0.1499,36,PersonalLoan,681,0.424,82846.0,PA,2025-02-28,11133.83,330.47,330.47,143.21,0.0,0,,0.0
L202407-007,2024-07-01,13666.21,0.1499,36,PersonalLoan,681,0.424,82846.0,PA,2025-03-31,10799.23,334.6,334.6,139.08,0.0,0,,0.0
L202407-007,2024-07-01,13666.21,0.1499,36,PersonalLoan,681,0.424,82846.0,PA,2025-04-30,10460.45,338.78,338.78,134.9,0.0,0,,0.0
L202407-007,2024-07-01,13666.21,0.1499,36,PersonalLoan,681,0.424,82846.0,PA,2025-05-31,10117.44,343.01,343.01,130.67,0.0,0,,0.0
L202407-007,2024-07-01,13666.21,0.1499,36,PersonalLoan,681,0.424,82846.0,PA,2025-06-30,9770.14,347.3,347.3,126.38,0.0,0,,0.0
L202407-007,2024-07-01,13666.21,0.1499,36,PersonalLoan,681,0.424,82846.0,PA,2025-07-31,9418.51,351.63,351.63,122.05,0.0,0,,0.0
L202407-007,2024-07-01,13666.21,0.1499,36,PersonalLoan,681,0.424,82846.0,PA,2025-08-31,9062.48,356.03,356.03,117.65,0.0,0,,0.0
L202407-007,2024-07-01,13666.21,0.1499,36,PersonalLoan,681,0.424,82846.0,PA,2025-09-30,8702.01,360.47,360.47,113.21,0.0,0,,0.0
L202407-007,2024-07-01,13666.21,0.1499,36,PersonalLoan,681,0.424,82846.0,PA,2025-10-31,8337.03,364.98,364.98,108.7,0.0,0,,0.0
L202407-007,2024-07-01,13666.21,0.1499,36,PersonalLoan,681,0.424,82846.0,PA,2025-11-30,7967.49,369.54,369.54,104.14,0.0,0,,0.0
L202407-007,2024-07-01,13666.21,0.1499,36,PersonalLoan,681,0.424,82846.0,PA,2025-12-31,7593.34,374.15,374.15,99.53,0.0,0,,0.0
L202407-007,2024-07-01,13666.21,0.1499,36,PersonalLoan,681,0.424,82846.0,PA,2026-01-31,7214.51,378.83,378.83,94.85,0.0,0,,0.0
L202407-007,2024-07-01,13666.21,0.1499,36,PersonalLoan,681,0.424,82846.0,PA,2026-02-28,6830.95,383.56,383.56,90.12,0.0,0,,0.0
L202407-007,2024-07-01,13666.21,0.1499,36,PersonalLoan,681,0.424,82846.0,PA,2026-03-31,6442.6,388.35,388.35,85.33,0.0,0,,0.0
L202407-007,2024-07-01,13666.21,0.1499,36,PersonalLoan,681,0.424,82846.0,PA,2026-04-30,6049.4,393.2,393.2,80.48,0.0,0,,0.0
L202407-008,2024-07-01,9281.67,0.1499,36,PersonalLoan,781,0.157,146192.0,FL,2024-07-31,9075.9,205.77,205.77,115.94,0.0,0,,0.0
L202407-008,2024-07-01,9281.67,0.1499,36,PersonalLoan,781,0.157,146192.0,FL,2024-08-31,8867.56,208.34,208.34,113.37,0.0,0,,0.0
L202407-008,2024-07-01,9281.67,0.1499,36,PersonalLoan,781,0.157,146192.0,FL,2024-09-30,8656.62,210.94,210.94,110.77,0.0,0,,0.0
L202407-008,2024-07-01,9281.67,0.1499,36,PersonalLoan,781,0.157,146192.0,FL,2024-10-31,8443.05,213.57,213.57,108.14,0.0,0,,0.0
L202407-008,2024-07-01,9281.67,0.1499,36,PersonalLoan,781,0.157,146192.0,FL,2024-11-30,8226.81,216.24,216.24,105.47,0.0,0,,0.0
L202407-008,2024-07-01,9281.67,0.1499,36,PersonalLoan,781,0.157,146192.0,FL,2024-12-31,8007.87,218.94,218.94,102.77,0.0,0,,0.0
L202407-008,2024-07-01,9281.67,0.1499,36,PersonalLoan,781,0.157,146192.0,FL,2025-01-31,7786.19,221.68,221.68,100.03,0.0,0,,0.0
L202407-008,2024-07-01,9281.67,0.1499,36,PersonalLoan,781,0.157,146192.0,FL,2025-02-28,7561.74,224.45,224.45,97.26,0.0,0,,0.0
L202407-008,2024-07-01,9281.67,0.1499,36,PersonalLoan,781,0.157,146192.0,FL,2025-03-31,7561.74,227.25,0.0,0.0,0.0,30,,0.0
L202407-008,2024-07-01,9281.67,0.1499,36,PersonalLoan,781,0.157,146192.0,FL,2025-04-30,7561.74,227.25,0.0,0.0,0.0,60,,0.0
L202407-008,2024-07-01,9281.67,0.1499,36,PersonalLoan,781,0.157,146192.0,FL,2025-05-31,7561.74,227.25,0.0,0.0,0.0,90,,0.0
L202407-008,2024-07-01,9281.67,0.1499,36,PersonalLoan,781,0.157,146192.0,FL,2025-06-30,0.0,227.25,0.0,0.0,0.0,120,2025-06-30,7561.74
L202407-009,2024-07-01,17490.99,0.1499,36,PersonalLoan,645,0.361,108600.0,GA,2024-07-31,17103.23,387.76,387.76,218.49,0.0,0,,0.0
L202407-009,2024-07-01,17490.99,0.1499,36,PersonalLoan,645,0.361,108600.0,GA,2024-08-31,16710.63,392.6,392.6,213.65,0.0,0,,0.0
L202407-009,2024-07-01,17490.99,0.1499,36,PersonalLoan,645,0.361,108600.0,GA,2024-09-30,16313.12,397.51,397.51,208.74,0.0,0,,0.0
L202407-009,2024-07-01,17490.99,0.1499,36,PersonalLoan,645,0.361,108600.0,GA,2024-10-31,15910.65,402.47,402.47,203.78,0.0,0,,0.0
L202407-009,2024-07-01,17490.99,0.1499,36,PersonalLoan,645,0.361,108600.0,GA,2024-11-30,15503.15,407.5,407.5,198.75,0.0,0,,0.0
L202407-009,2024-07-01,17490.99,0.1499,36,PersonalLoan,645,0.361,108600.0,GA,2024-12-31,15090.56,412.59,412.59,193.66,0.0,0,,0.0
L202407-009,2024-07-01,17490.99,0.1499,36,PersonalLoan,645,0.361,108600.0,GA,2025-01-31,14672.82,417.74,417.74,188.51,0.0,0,,0.0
L202407-009,2024-07-01,17490.99,0.1499,36,PersonalLoan,645,0.361,108600.0,GA,2025-02-28,14249.86,422.96,422.96,183.29,0.0,0,,0.0
L202407-009,2024-07-01,17490.99,0.1499,36,PersonalLoan,645,0.361,108600.0,GA,2025-03-31,13821.61,428.25,428.25,178.0,0.0,0,,0.0
L202407-009,2024-07-01,17490.99,0.1499,36,PersonalLoan,645,0.361,108600.0,GA,2025-04-30,13388.01,433.6,433.6,172.65,0.0,0,,0.0
L202407-009,2024-07-01,17490.99,0.1499,36,PersonalLoan,645,0.361,108600.0,GA,2025-05-31,12949.0,439.01,439.01,167.24,0.0,0,,0.0
L202407-009,2024-07-01,17490.99,0.1499,36,PersonalLoan,645,0.361,108600.0,GA,2025-06-30,12504.5,444.5,444.5,161.75,0.0,0,,0.0
L202407-009,2024-07-01,17490.99,0.1499,36,PersonalLoan,645,0.361,108600.0,GA,2025-07-31,12054.45,450.05,450.05,156.2,0.0,0,,0.0
L202407-009,2024-07-01,17490.99,0.1499,36,PersonalLoan,645,0.361,108600.0,GA,2025-08-31,11598.78,455.67,455.67,150.58,0.0,0,,0.0
L202407-009,2024-07-01,17490.99,0.1499,36,PersonalLoan,645,0.361,108600.0,GA,2025-09-30,11137.42,461.36,461.36,144.89,0.0,0,,0.0
L202407-009,2024-07-01,17490.99,0.1499,36,PersonalLoan,645,0.361,108600.0,GA,2025-10-31,10670.29,467.13,467.13,139.12,0.0,0,,0.0
L202407-009,2024-07-01,17490.99,0.1499,36,PersonalLoan,645,0.361,108600.0,GA,2025-11-30,10197.33,472.96,472.96,133.29,0.0,0,,0.0
L202407-009,2024-07-01,17490.99,0.1499,36,PersonalLoan,645,0.361,108600.0,GA,2025-12-31,9718.46,478.87,478.87,127.38,0.0,0,,0.0
L202407-009,2024-07-01,17490.99,0.1499,36,PersonalLoan,645,0.361,108600.0,GA,2026-01-31,9233.61,484.85,484.85,121.4,0.0,0,,0.0
L202407-009,2024-07-01,17490.99,0.1499,36,PersonalLoan,645,0.361,108600.0,GA,2026-02-28,8742.7,490.91,490.91,115.34,0.0,0,,0.0
L202407-009,2024-07-01,17490.99,0.1499,36,PersonalLoan,645,0.361,108600.0,GA,2026-03-31,8245.66,497.04,497.04,109.21,0.0,0,,0.0
L202407-009,2024-07-01,17490.99,0.1499,36,PersonalLoan,645,0.361,108600.0,GA,2026-04-30,7742.41,503.25,503.25,103.0,0.0,0,,0.0
L202407-010,2024-07-01,22990.73,0.1499,36,PersonalLoan,659,0.355,65492.0,FL,2024-07-31,22481.05,509.68,509.68,287.19,0.0,0,,0.0
L202407-010,2024-07-01,22990.73,0.1499,36,PersonalLoan,659,0.355,65492.0,FL,2024-08-31,21965.01,516.04,516.04,280.83,0.0,0,,0.0
L202407-010,2024-07-01,22990.73,0.1499,36,PersonalLoan,659,0.355,65492.0,FL,2024-09-30,21442.52,522.49,522.49,274.38,0.0,0,,0.0
L202407-010,2024-07-01,22990.73,0.1499,36,PersonalLoan,659,0.355,65492.0,FL,2024-10-31,20913.5,529.02,529.02,267.85,0.0,0,,0.0
L202407-010,2024-07-01,22990.73,0.1499,36,PersonalLoan,659,0.355,65492.0,FL,2024-11-30,20377.87,535.63,535.63,261.24,0.0,0,,0.0
L202407-010,2024-07-01,22990.73,0.1499,36,PersonalLoan,659,0.355,65492.0,FL,2024-12-31,19835.55,542.32,542.32,254.55,0.0,0,,0.0
L202407-010,2024-07-01,22990.73,0.1499,36,PersonalLoan,659,0.355,65492.0,FL,2025-01-31,19286.46,549.09,549.09,247.78,0.0,0,,0.0
L202407-010,2024-07-01,22990.73,0.1499,36,PersonalLoan,659,0.355,65492.0,FL,2025-02-28,18730.51,555.95,555.95,240.92,0.0,0,,0.0
L202407-010,2024-07-01,22990.73,0.1499,36,PersonalLoan,659,0.355,65492.0,FL,2025-03-31,18167.62,562.89,562.89,233.98,0.0,0,,0.0
L202407-010,2024-07-01,22990.73,0.1499,36,PersonalLoan,659,0.355,65492.0,FL,2025-04-30,17597.69,569.93,569.93,226.94,0.0,0,,0.0
L202407-010,2024-07-01,22990.73,0.1499,36,PersonalLoan,659,0.355,65492.0,FL,2025-05-31,17020.64,577.05,577.05,219.82,0.0,0,,0.0
L202407-010,2024-07-01,22990.73,0.1499,36,PersonalLoan,659,0.355,65492.0,FL,2025-06-30,16436.39,584.25,584.25,212.62,0.0,0,,0.0
L202407-010,2024-07-01,22990.73,0.1499,36,PersonalLoan,659,0.355,65492.0,FL,2025-07-31,15844.84,591.55,591.55,205.32,0.0,0,,0.0
L202407-010,2024-07-01,22990.73,0.1499,36,PersonalLoan,659,0.355,65492.0,FL,2025-08-31,15245.9,598.94,598.94,197.93,0.0,0,,0.0
L202407-010,2024-07-01,22990.73,0.1499,36,PersonalLoan,659,0.355,65492.0,FL,2025-09-30,14639.48,606.42,606.42,190.45,0.0,0,,0.0
L202407-010,2024-07-01,22990.73,0.1499,36,PersonalLoan,659,0.355,65492.0,FL,2025-10-31,14025.48,614.0,614.0,182.87,0.0,0,,0.0
L202407-010,2024-07-01,22990.73,0.1499,36,PersonalLoan,659,0.355,65492.0,FL,2025-11-30,13403.81,621.67,621.67,175.2,0.0,0,,0.0
L202407-010,2024-07-01,22990.73,0.1499,36,PersonalLoan,659,0.355,65492.0,FL,2025-12-31,12774.38,629.43,629.43,167.44,0.0,0,,0.0
L202407-010,2024-07-01,22990.73,0.1499,36,PersonalLoan,659,0.355,65492.0,FL,2026-01-31,12137.08,637.3,637.3,159.57,0.0,0,,0.0
L202407-010,2024-07-01,22990.73,0.1499,36,PersonalLoan,659,0.355,65492.0,FL,2026-02-28,11491.82,645.26,645.26,151.61,0.0,0,,0.0
L202407-010,2024-07-01,22990.73,0.1499,36,PersonalLoan,659,0.355,65492.0,FL,2026-03-31,10838.5,653.32,653.32,143.55,0.0,0,,0.0
L202407-010,2024-07-01,22990.73,0.1499,36,PersonalLoan,659,0.355,65492.0,FL,2026-04-30,10177.02,661.48,661.48,135.39,0.0,0,,0.0
L202407-011,2024-07-01,17245.82,0.1499,36,PersonalLoan,757,0.111,148520.0,OH,2024-07-31,16863.5,382.32,382.32,215.43,0.0,0,,0.0
L202407-011,2024-07-01,17245.82,0.1499,36,PersonalLoan,757,0.111,148520.0,OH,2024-08-31,16476.4,387.1,387.1,210.65,0.0,0,,0.0
L202407-011,2024-07-01,17245.82,0.1499,36,PersonalLoan,757,0.111,148520.0,OH,2024-09-30,16084.47,391.93,391.93,205.82,0.0,0,,0.0
L202407-011,2024-07-01,17245.82,0.1499,36,PersonalLoan,757,0.111,148520.0,OH,2024-10-31,15687.64,396.83,396.83,200.92,0.0,0,,0.0
L202407-011,2024-07-01,17245.82,0.1499,36,PersonalLoan,757,0.111,148520.0,OH,2024-11-30,15285.85,401.79,401.79,195.96,0.0,0,,0.0
L202407-011,2024-07-01,17245.82,0.1499,36,PersonalLoan,757,0.111,148520.0,OH,2024-12-31,14879.05,406.8,406.8,190.95,0.0,0,,0.0
L202407-011,2024-07-01,17245.82,0.1499,36,PersonalLoan,757,0.111,148520.0,OH,2025-01-31,14467.16,411.89,411.89,185.86,0.0,0,,0.0
L202407-011,2024-07-01,17245.82,0.1499,36,PersonalLoan,757,0.111,148520.0,OH,2025-02-28,14050.13,417.03,417.03,180.72,0.0,0,,0.0
L202407-011,2024-07-01,17245.82,0.1499,36,PersonalLoan,757,0.111,148520.0,OH,2025-03-31,13627.89,422.24,422.24,175.51,0.0,0,,0.0
L202407-011,2024-07-01,17245.82,0.1499,36,PersonalLoan,757,0.111,148520.0,OH,2025-04-30,13200.38,427.51,427.51,170.24,0.0,0,,0.0
L202407-011,2024-07-01,17245.82,0.1499,36,PersonalLoan,757,0.111,148520.0,OH,2025-05-31,12767.52,432.86,432.86,164.89,0.0,0,,0.0
L202407-011,2024-07-01,17245.82,0.1499,36,PersonalLoan,757,0.111,148520.0,OH,2025-06-30,12329.26,438.26,438.26,159.49,0.0,0,,0.0
L202407-011,2024-07-01,17245.82,0.1499,36,PersonalLoan,757,0.111,148520.0,OH,2025-07-31,11885.52,443.74,443.74,154.01,0.0,0,,0.0
L202407-011,2024-07-01,17245.82,0.1499,36,PersonalLoan,757,0.111,148520.0,OH,2025-08-31,11436.24,449.28,449.28,148.47,0.0,0,,0.0
L202407-011,2024-07-01,17245.82,0.1499,36,PersonalLoan,757,0.111,148520.0,OH,2025-09-30,10981.35,454.89,454.89,142.86,0.0,0,,0.0
L202407-011,2024-07-01,17245.82,0.1499,36,PersonalLoan,757,0.111,148520.0,OH,2025-10-31,10520.78,460.57,460.57,137.18,0.0,0,,0.0
L202407-011,2024-07-01,17245.82,0.1499,36,PersonalLoan,757,0.111,148520.0,OH,2025-11-30,10054.45,466.33,466.33,131.42,0.0,0,,0.0
L202407-011,2024-07-01,17245.82,0.1499,36,PersonalLoan,757,0.111,148520.0,OH,2025-12-31,9582.3,472.15,472.15,125.6,0.0,0,,0.0
L202407-011,2024-07-01,17245.82,0.1499,36,PersonalLoan,757,0.111,148520.0,OH,2026-01-31,0.0,478.05,9582.3,119.7,0.0,0,,0.0
L202407-012,2024-07-01,18838.42,0.1499,36,PersonalLoan,743,0.161,131364.0,GA,2024-07-31,18420.79,417.63,417.63,235.32,0.0,0,,0.0
L202407-012,2024-07-01,18838.42,0.1499,36,PersonalLoan,743,0.161,131364.0,GA,2024-08-31,17997.95,422.84,422.84,230.11,0.0,0,,0.0
L202407-012,2024-07-01,18838.42,0.1499,36,PersonalLoan,743,0.161,131364.0,GA,2024-09-30,17569.82,428.13,428.13,224.82,0.0,0,,0.0
L202407-012,2024-07-01,18838.42,0.1499,36,PersonalLoan,743,0.161,131364.0,GA,2024-10-31,17136.35,433.47,433.47,219.48,0.0,0,,0.0
L202407-012,2024-07-01,18838.42,0.1499,36,PersonalLoan,743,0.161,131364.0,GA,2024-11-30,16697.46,438.89,438.89,214.06,0.0,0,,0.0
L202407-012,2024-07-01,18838.42,0.1499,36,PersonalLoan,743,0.161,131364.0,GA,2024-12-31,16253.09,444.37,444.37,208.58,0.0,0,,0.0
L202407-012,2024-07-01,18838.42,0.1499,36,PersonalLoan,743,0.161,131364.0,GA,2025-01-31,15803.17,449.92,449.92,203.03,0.0,0,,0.0
L202407-012,2024-07-01,18838.42,0.1499,36,PersonalLoan,743,0.161,131364.0,GA,2025-02-28,15347.63,455.54,455.54,197.41,0.0,0,,0.0
L202407-012,2024-07-01,18838.42,0.1499,36,PersonalLoan,743,0.161,131364.0,GA,2025-03-31,14886.4,461.23,461.23,191.72,0.0,0,,0.0
L202407-012,2024-07-01,18838.42,0.1499,36,PersonalLoan,743,0.161,131364.0,GA,2025-04-30,14419.41,466.99,466.99,185.96,0.0,0,,0.0
L202407-012,2024-07-01,18838.42,0.1499,36,PersonalLoan,743,0.161,131364.0,GA,2025-05-31,13946.58,472.83,472.83,180.12,0.0,0,,0.0
L202407-012,2024-07-01,18838.42,0.1499,36,PersonalLoan,743,0.161,131364.0,GA,2025-06-30,13467.85,478.73,478.73,174.22,0.0,0,,0.0
L202407-012,2024-07-01,18838.42,0.1499,36,PersonalLoan,743,0.161,131364.0,GA,2025-07-31,12983.14,484.71,484.71,168.24,0.0,0,,0.0
L202407-012,2024-07-01,18838.42,0.1499,36,PersonalLoan,743,0.161,131364.0,GA,2025-08-31,12492.37,490.77,490.77,162.18,0.0,0,,0.0
L202407-012,2024-07-01,18838.42,0.1499,36,PersonalLoan,743,0.161,131364.0,GA,2025-09-30,11995.47,496.9,496.9,156.05,0.0,0,,0.0
L202407-012,2024-07-01,18838.42,0.1499,36,PersonalLoan,743,0.161,131364.0,GA,2025-10-31,11492.36,503.11,503.11,149.84,0.0,0,,0.0
L202407-012,2024-07-01,18838.42,0.1499,36,PersonalLoan,743,0.161,131364.0,GA,2025-11-30,10982.97,509.39,509.39,143.56,0.0,0,,0.0
L202407-012,2024-07-01,18838.42,0.1499,36,PersonalLoan,743,0.161,131364.0,GA,2025-12-31,10467.22,515.75,515.75,137.2,0.0,0,,0.0
L202407-012,2024-07-01,18838.42,0.1499,36,PersonalLoan,743,0.161,131364.0,GA,2026-01-31,9945.02,522.2,522.2,130.75,0.0,0,,0.0
L202407-012,2024-07-01,18838.42,0.1499,36,PersonalLoan,743,0.161,131364.0,GA,2026-02-28,9416.3,528.72,528.72,124.23,0.0,0,,0.0
L202407-012,2024-07-01,18838.42,0.1499,36,PersonalLoan,743,0.161,131364.0,GA,2026-03-31,8880.98,535.32,535.32,117.63,0.0,0,,0.0
L202407-012,2024-07-01,18838.42,0.1499,36,PersonalLoan,743,0.161,131364.0,GA,2026-04-30,8338.97,542.01,542.01,110.94,0.0,0,,0.0
L202407-013,2024-07-01,12696.18,0.1499,36,PersonalLoan,621,0.103,55944.0,GA,2024-07-31,12414.72,281.46,281.46,158.6,0.0,0,,0.0
L202407-013,2024-07-01,12696.18,0.1499,36,PersonalLoan,621,0.103,55944.0,GA,2024-08-31,12129.74,284.98,284.98,155.08,0.0,0,,0.0
L202407-013,2024-07-01,12696.18,0.1499,36,PersonalLoan,621,0.103,55944.0,GA,2024-09-30,11841.2,288.54,288.54,151.52,0.0,0,,0.0
L202407-013,2024-07-01,12696.18,0.1499,36,PersonalLoan,621,0.103,55944.0,GA,2024-10-31,11549.06,292.14,292.14,147.92,0.0,0,,0.0
L202407-013,2024-07-01,12696.18,0.1499,36,PersonalLoan,621,0.103,55944.0,GA,2024-11-30,11253.27,295.79,295.79,144.27,0.0,0,,0.0
L202407-013,2024-07-01,12696.18,0.1499,36,PersonalLoan,621,0.103,55944.0,GA,2024-12-31,10953.78,299.49,299.49,140.57,0.0,0,,0.0
L202407-013,2024-07-01,12696.18,0.1499,36,PersonalLoan,621,0.103,55944.0,GA,2025-01-31,10650.55,303.23,303.23,136.83,0.0,0,,0.0
L202407-013,2024-07-01,12696.18,0.1499,36,PersonalLoan,621,0.103,55944.0,GA,2025-02-28,0.0,307.02,10650.55,133.04,0.0,0,,0.0
L202407-014,2024-07-01,21002.75,0.1499,36,PersonalLoan,719,0.176,44014.0,CA,2024-07-31,20537.15,465.6,465.6,262.36,0.0,0,,0.0
L202407-014,2024-07-01,21002.75,0.1499,36,PersonalLoan,719,0.176,44014.0,CA,2024-08-31,20065.73,471.42,471.42,256.54,0.0,0,,0.0
L202407-014,2024-07-01,21002.75,0.1499,36,PersonalLoan,719,0.176,44014.0,CA,2024-09-30,19588.42,477.31,477.31,250.65,0.0,0,,0.0
L202407-014,2024-07-01,21002.75,0.1499,36,PersonalLoan,719,0.176,44014.0,CA,2024-10-31,19105.15,483.27,483.27,244.69,0.0,0,,0.0
L202407-014,2024-07-01,21002.75,0.1499,36,PersonalLoan,719,0.176,44014.0,CA,2024-11-30,18615.85,489.3,489.3,238.66,0.0,0,,0.0
L202407-014,2024-07-01,21002.75,0.1499,36,PersonalLoan,719,0.176,44014.0,CA,2024-12-31,18120.43,495.42,495.42,232.54,0.0,0,,0.0
L202407-014,2024-07-01,21002.75,0.1499,36,PersonalLoan,719,0.176,44014.0,CA,2025-01-31,17618.82,501.61,501.61,226.35,0.0,0,,0.0
L202407-014,2024-07-01,21002.75,0.1499,36,PersonalLoan,719,0.176,44014.0,CA,2025-02-28,17110.95,507.87,507.87,220.09,0.0,0,,0.0
L202407-014,2024-07-01,21002.75,0.1499,36,PersonalLoan,719,0.176,44014.0,CA,2025-03-31,16596.73,514.22,514.22,213.74,0.0,0,,0.0
L202407-014,2024-07-01,21002.75,0.1499,36,PersonalLoan,719,0.176,44014.0,CA,2025-04-30,16076.09,520.64,520.64,207.32,0.0,0,,0.0
L202407-014,2024-07-01,21002.75,0.1499,36,PersonalLoan,719,0.176,44014.0,CA,2025-05-31,15548.95,527.14,527.14,200.82,0.0,0,,0.0
L202407-014,2024-07-01,21002.75,0.1499,36,PersonalLoan,719,0.176,44014.0,CA,2025-06-30,15015.22,533.73,533.73,194.23,0.0,0,,0.0
L202407-014,2024-07-01,21002.75,0.1499,36,PersonalLoan,719,0.176,44014.0,CA,2025-07-31,14474.83,540.39,540.39,187.57,0.0,0,,0.0
L202407-014,2024-07-01,21002.75,0.1499,36,PersonalLoan,719,0.176,44014.0,CA,2025-08-31,13927.68,547.15,547.15,180.81,0.0,0,,0.0
L202407-014,2024-07-01,21002.75,0.1499,36,PersonalLoan,719,0.176,44014.0,CA,2025-09-30,13373.7,553.98,553.98,173.98,0.0,0,,0.0
L202407-014,2024-07-01,21002.75,0.1499,36,PersonalLoan,719,0.176,44014.0,CA,2025-10-31,12812.8,560.9,560.9,167.06,0.0,0,,0.0
L202407-014,2024-07-01,21002.75,0.1499,36,PersonalLoan,719,0.176,44014.0,CA,2025-11-30,12244.89,567.91,567.91,160.05,0.0,0,,0.0
L202407-014,2024-07-01,21002.75,0.1499,36,PersonalLoan,719,0.176,44014.0,CA,2025-12-31,11669.89,575.0,575.0,152.96,0.0,0,,0.0
L202407-014,2024-07-01,21002.75,0.1499,36,PersonalLoan,719,0.176,44014.0,CA,2026-01-31,11087.71,582.18,582.18,145.78,0.0,0,,0.0
L202407-014,2024-07-01,21002.75,0.1499,36,PersonalLoan,719,0.176,44014.0,CA,2026-02-28,10498.25,589.46,589.46,138.5,0.0,0,,0.0
L202407-014,2024-07-01,21002.75,0.1499,36,PersonalLoan,719,0.176,44014.0,CA,2026-03-31,9901.43,596.82,596.82,131.14,0.0,0,,0.0
L202407-014,2024-07-01,21002.75,0.1499,36,PersonalLoan,719,0.176,44014.0,CA,2026-04-30,9297.16,604.27,604.27,123.69,0.0,0,,0.0
L202407-015,2024-07-01,10786.6,0.1499,36,PersonalLoan,705,0.416,43296.0,IL,2024-07-31,10547.47,239.13,239.13,134.74,0.0,0,,0.0
L202407-015,2024-07-01,10786.6,0.1499,36,PersonalLoan,705,0.416,43296.0,IL,2024-08-31,10305.36,242.11,242.11,131.76,0.0,0,,0.0
L202407-015,2024-07-01,10786.6,0.1499,36,PersonalLoan,705,0.416,43296.0,IL,2024-09-30,10060.22,245.14,245.14,128.73,0.0,0,,0.0
L202407-015,2024-07-01,10786.6,0.1499,36,PersonalLoan,705,0.416,43296.0,IL,2024-10-31,9812.02,248.2,248.2,125.67,0.0,0,,0.0
L202407-015,2024-07-01,10786.6,0.1499,36,PersonalLoan,705,0.416,43296.0,IL,2024-11-30,9560.72,251.3,251.3,122.57,0.0,0,,0.0
L202407-015,2024-07-01,10786.6,0.1499,36,PersonalLoan,705,0.416,43296.0,IL,2024-12-31,9306.28,254.44,254.44,119.43,0.0,0,,0.0
L202407-015,2024-07-01,10786.6,0.1499,36,PersonalLoan,705,0.416,43296.0,IL,2025-01-31,9048.66,257.62,257.62,116.25,0.0,0,,0.0
L202407-015,2024-07-01,10786.6,0.1499,36,PersonalLoan,705,0.416,43296.0,IL,2025-02-28,8787.82,260.84,260.84,113.03,0.0,0,,0.0
L202407-015,2024-07-01,10786.6,0.1499,36,PersonalLoan,705,0.416,43296.0,IL,2025-03-31,8523.72,264.1,264.1,109.77,0.0,0,,0.0
L202407-015,2024-07-01,10786.6,0.1499,36,PersonalLoan,705,0.416,43296.0,IL,2025-04-30,8256.33,267.39,267.39,106.48,0.0,0,,0.0
L202407-015,2024-07-01,10786.6,0.1499,36,PersonalLoan,705,0.416,43296.0,IL,2025-05-31,7985.6,270.73,270.73,103.14,0.0,0,,0.0
L202407-015,2024-07-01,10786.6,0.1499,36,PersonalLoan,705,0.416,43296.0,IL,2025-06-30,7711.48,274.12,274.12,99.75,0.0,0,,0.0
L202407-015,2024-07-01,10786.6,0.1499,36,PersonalLoan,705,0.416,43296.0,IL,2025-07-31,7433.94,277.54,277.54,96.33,0.0,0,,0.0
L202407-015,2024-07-01,10786.6,0.1499,36,PersonalLoan,705,0.416,43296.0,IL,2025-08-31,7152.93,281.01,281.01,92.86,0.0,0,,0.0
L202407-015,2024-07-01,10786.6,0.1499,36,PersonalLoan,705,0.416,43296.0,IL,2025-09-30,7152.93,284.52,0.0,0.0,0.0,30,,0.0
L202407-015,2024-07-01,10786.6,0.1499,36,PersonalLoan,705,0.416,43296.0,IL,2025-10-31,7152.93,284.52,0.0,0.0,0.0,60,,0.0
L202407-015,2024-07-01,10786.6,0.1499,36,PersonalLoan,705,0.416,43296.0,IL,2025-11-30,7152.93,284.52,0.0,0.0,0.0,90,,0.0
L202407-015,2024-07-01,10786.6,0.1499,36,PersonalLoan,705,0.416,43296.0,IL,2025-12-31,0.0,284.52,0.0,0.0,0.0,120,2025-12-31,7152.93
